timestamp,load_kg,temperature,pressure,stress_level
2026-04-09 14:07:18,2.741785382528082,36.194843492688015,979.7446517507685,Warning
2026-04-09 14:07:03,1.1543392470720384,32.39706946330215,995.6644398785345,Normal
2026-04-09 14:06:48,3.1192213452517312,25.477042959361395,976.2274023700012,Warning
2026-04-09 14:06:33,5.3075746410200635,19.82450577835541,990.7611541108288,Warning
2026-04-09 14:06:18,0.9146165631916601,30.58578650890872,943.1915599913864,Warning
2026-04-09 14:06:03,0.9146576076270486,28.147883083373998,1006.3988112211881,Normal
2026-04-09 14:05:48,5.448032038768479,32.161545760221856,1000.0361642608667,Warning
2026-04-09 14:05:33,3.418586822882272,30.081374413455755,975.4873410679543,Warning
2026-04-09 14:05:18,0.3263140351626197,33.39642172255468,1019.7773700529722,Normal
2026-04-09 14:05:03,2.8564001089649116,20.718118307515457,1028.1271041287966,Warning
2026-04-09 14:04:48,0.34145576796884436,35.539152525074606,951.7732040689308,Warning
2026-04-09 14:04:33,0.3356756160743579,26.580796837539197,977.1182566430135,Normal
2026-04-09 14:04:18,2.1049056789150855,41.602086981002124,976.925729506381,Warning
2026-04-09 14:04:03,0.0,19.486497455283455,971.8029069667341,Normal
2026-04-09 14:03:48,0.0,38.887710425322,1024.8842452579524,Warning
2026-04-09 14:03:33,0.09428117689756821,26.583286267701183,994.1852158368159,Normal
2026-04-09 14:03:18,0.0,19.788655971084413,992.0645547606816,Normal
2026-04-09 14:03:03,2.285618331488185,21.128913327565428,939.8841290677974,Warning
2026-04-09 14:02:48,0.0,22.437221534445438,1019.0625409062768,Normal
2026-04-09 14:02:33,0.0,28.39332757121533,962.8222481543958,Warning
2026-04-09 14:02:18,5.164121922303885,29.182683904283998,1001.7979789079899,Warning
2026-04-09 14:02:03,0.9355592487836608,20.41039996849137,1008.3213081387457,Normal
2026-04-09 14:01:48,1.6688205117198096,24.80516326191214,1040.8197578751594,Warning
2026-04-09 14:01:33,0.0,42.13816286889491,960.7353880264267,Warning
2026-04-09 14:01:18,0.13904318868704335,38.82034536080569,909.4146353253752,Warning
2026-04-09 14:01:03,1.7773064742746651,28.490589357392256,1005.5154863426109,Normal
2026-04-09 14:00:48,0.0,25.304027825345603,1054.0153354453257,Warning
2026-04-09 14:00:33,2.4392450458641797,25.96025061374609,1037.1683905881832,Warning
2026-04-09 14:00:18,0.0,29.908143781843332,1006.2897824582387,Normal
2026-04-09 14:00:03,0.770765625516808,16.817659478412757,985.2509144310386,Normal
2026-04-09 13:59:48,0.0,22.94098770061324,1024.2136778991194,Warning
2026-04-09 13:59:33,6.130695461272344,11.651327408979284,970.7936140088659,Critical
2026-04-09 13:59:18,1.4662569381551651,28.193784980842235,1014.2907330806866,Normal
2026-04-09 13:59:03,0.0,30.177567517621927,1015.1641047749988,Normal
2026-04-09 13:58:48,3.5563622802579724,21.13450830160501,1031.8062972249663,Warning
2026-04-09 13:58:33,0.0,37.59189410632026,1082.7898011673324,Warning
2026-04-09 13:58:18,2.0221589875118884,15.19387469598127,1011.772479015363,Warning
2026-04-09 13:58:03,0.0,13.285000958321438,984.7310912287751,Normal
2026-04-09 13:57:48,0.0,26.795614548479776,999.2327706342402,Normal
2026-04-09 13:57:33,1.9921530896728088,33.37678642089723,946.9277228533265,Warning
2026-04-09 13:57:18,3.346166449988526,38.47142153166295,979.1586060673283,Warning
2026-04-09 13:57:03,1.9284207029749263,21.328925897048478,987.7215268566068,Normal
2026-04-09 13:56:48,1.2108792940293986,33.62944666745037,984.2773480619622,Normal
2026-04-09 13:56:33,0.747240761026778,24.69193224399434,1004.5706461610116,Normal
2026-04-09 13:56:18,0.0,23.618981600473443,975.3274020285339,Normal
2026-04-09 13:56:03,0.0,32.069279499893376,1033.630920019734,Warning
2026-04-09 13:55:48,0.34840307260053116,30.218583027307357,1000.0062119475459,Normal
2026-04-09 13:55:33,4.142805565547289,12.388862744126005,999.7209903658415,Warning
2026-04-09 13:55:18,2.3590457239211533,36.81232279780717,990.1631585046125,Warning
2026-04-09 13:55:03,0.0,36.04073083317961,1004.6557205157694,Warning
2026-04-09 13:54:48,2.3102099234869877,19.995498387923764,1024.7529479400291,Warning
2026-04-09 13:54:33,0.5372942989592087,28.16642826749927,973.986093528673,Normal
2026-04-09 13:54:18,0.0,28.952241490261912,980.2565053277423,Normal
2026-04-09 13:54:03,3.02919072210217,27.085390126591257,990.8882191367001,Warning
2026-04-09 13:53:48,4.077498806239877,20.597558769236638,959.6238722958035,Critical
2026-04-09 13:53:33,3.8282002977904965,19.62701305649559,975.422264208355,Warning
2026-04-09 13:53:18,0.0,24.795567432068438,985.7133737936603,Normal
2026-04-09 13:53:03,0.7269690603719635,34.381832154074914,1026.2316754213819,Warning
2026-04-09 13:52:48,2.32815857850891,29.34880123675546,1007.8768398700578,Warning
2026-04-09 13:52:33,3.938862817805898,22.035085343311152,1005.8076973410264,Warning
2026-04-09 13:52:18,0.30206440538677515,31.17358968518676,1025.5269388650393,Warning
2026-04-09 13:52:03,1.0358525583404572,5.0,995.8788463480181,Normal
2026-04-09 13:51:48,0.0,34.19012560297683,1011.7139454978667,Normal
2026-04-09 13:51:33,0.0,11.082289769775203,996.9033474120251,Normal
2026-04-09 13:51:18,3.531314555985495,22.100472468774942,1007.9608704819889,Warning
2026-04-09 13:51:03,4.890600071427057,16.04264084299085,982.5172402716526,Warning
2026-04-09 13:50:48,1.3199746960491654,14.642548194232754,926.8354852517072,Warning
2026-04-09 13:50:33,4.00883224473006,34.28661429902816,995.9716251344108,Warning
2026-04-09 13:50:18,2.404090062619085,21.258390389504868,1042.6824440829982,Warning
2026-04-09 13:50:03,0.0,27.772031053845726,1027.7864620672478,Warning
2026-04-09 13:49:48,2.403489013771035,24.624635368966526,1028.961924537735,Warning
2026-04-09 13:49:33,5.345091416164923,28.816326617784974,1037.0839216541865,Critical
2026-04-09 13:49:18,1.4104349022251212,25.61457512848204,1002.6597277288431,Normal
2026-04-09 13:49:03,5.411609139535015,14.736062206491443,1005.9194712221679,Warning
2026-04-09 13:48:48,0.0,32.97013455557712,981.4704431369695,Normal
2026-04-09 13:48:33,3.5547562609380594,21.0499473347095,990.5178143191885,Warning
2026-04-09 13:48:18,1.717617670595428,12.547344810721992,1018.4731344931342,Normal
2026-04-09 13:48:03,0.7524816238353313,21.5750787122727,1036.1165331150644,Warning
2026-04-09 13:47:48,1.7294019413387558,37.00607832507448,995.81661172957,Warning
2026-04-09 13:47:33,0.0,31.801773936907942,986.4943220544576,Normal
2026-04-09 13:47:18,0.9508202804062201,22.210782924737128,1000.0158387656979,Normal
2026-04-09 13:47:03,2.392781428779366,22.20593836545257,1018.0362024678734,Warning
2026-04-09 13:46:48,5.19473511185379,22.42691959026094,956.6843555159937,Critical
2026-04-09 13:46:33,0.20432445431588153,41.61398386848673,931.1145714058829,Warning
2026-04-09 13:46:18,0.0,28.055483617852428,983.4838945152525,Normal
2026-04-09 13:46:03,0.2456073910386587,28.440333177528558,963.3786272225752,Warning
2026-04-09 13:45:48,3.7885052942551853,33.24226763225474,984.7557940705807,Warning
2026-04-09 13:45:33,2.321877774149211,26.910313272212107,995.5665904354759,Warning
2026-04-09 13:45:18,0.17559949058240298,22.927662833434376,986.4025477293096,Normal
2026-04-09 13:45:03,2.7831685827833903,23.429201207320173,1043.5740260341224,Warning
2026-04-09 13:44:48,1.742693873370101,24.42718992468749,1009.8023429380696,Normal
2026-04-09 13:44:33,3.921612476332223,24.702222107921266,1009.0142307883249,Warning
2026-04-09 13:44:18,0.0,30.821036349095838,1018.666214321302,Normal
2026-04-09 13:44:03,0.6808446335055794,25.415567086458395,965.8350064665769,Warning
2026-04-09 13:43:48,0.519729617169606,30.861120617724634,1031.1733536226081,Warning
2026-04-09 13:43:33,0.0,24.35426735913134,997.7270714039362,Normal
2026-04-09 13:43:18,2.24030069266144,25.629081522528725,1020.1144185172363,Warning
2026-04-09 13:43:03,2.152638180449723,9.014394523743139,967.8442830087953,Warning
2026-04-09 13:42:48,1.5127836416061522,32.33062139761985,953.3872370195181,Warning
2026-04-09 13:42:33,0.9135321665621328,27.771907807183943,1024.536689740751,Warning
2026-04-09 13:42:18,0.0,32.984080878877215,1011.2922857829255,Normal
2026-04-09 13:42:03,0.4483866930866025,5.0,972.9384533692747,Normal
2026-04-09 13:41:48,0.6432137086830763,41.706997638245824,973.9101075617592,Warning
2026-04-09 13:41:33,0.0,23.88328297475861,1033.7630435324431,Warning
2026-04-09 13:41:18,1.0967857208349772,33.86546253390013,964.3176432139802,Warning
2026-04-09 13:41:03,2.510127142036346,16.68075258299575,1049.280188597679,Warning
2026-04-09 13:40:48,6.215464753026326,29.902191240500557,972.9813779605639,Critical
2026-04-09 13:40:33,1.9364445320795973,16.57267549461075,1019.1517577682515,Normal
2026-04-09 13:40:18,2.143875976806911,20.009848314433558,990.1414457275305,Warning
2026-04-09 13:40:03,1.313885210584582,40.31225083093429,1018.0956229324703,Warning
2026-04-09 13:39:48,0.0,23.474540793893226,983.6765799365742,Normal
2026-04-09 13:39:33,1.4337153113769578,26.739462985437783,995.1162128178312,Normal
2026-04-09 13:39:18,1.6505755248525662,31.960541845510033,1001.2275752618716,Normal
2026-04-09 13:39:03,7.658105281213215,28.965455103780837,969.9343763265558,Critical
2026-04-09 13:38:48,1.0190975880471937,26.20335124114861,1022.2247303626037,Warning
2026-04-09 13:38:33,2.2538683558340313,27.919688019729804,984.6035930058524,Warning
2026-04-09 13:38:18,1.4132205757368916,44.2273246819062,993.1420025397995,Warning
2026-04-09 13:38:03,0.0,24.539049623731316,970.1695187617446,Normal
2026-04-09 13:37:48,4.357057036287552,26.60879237371974,923.1299902361407,Critical
2026-04-09 13:37:33,3.3798325817169355,33.4052351680609,994.2691671219949,Warning
2026-04-09 13:37:18,3.4775798676076173,33.84420746366387,1072.3784626483875,Warning
2026-04-09 13:37:03,0.0,34.496242444483045,1023.5381286369408,Warning
2026-04-09 13:36:48,5.0069857773402475,30.109841776233477,999.4221886079681,Warning
2026-04-09 13:36:33,0.0,15.855960698156132,992.1132751237519,Normal
2026-04-09 13:36:18,2.967142734500676,38.067452258408764,1000.6739767843613,Warning
2026-04-09 13:36:03,6.976139064524946,15.829236855850496,1016.4135734552563,Warning
2026-04-09 13:35:48,0.0,27.421083721912265,964.5756155407347,Warning
2026-04-09 13:35:33,0.08425567599307016,18.965793199845137,1033.4296508400662,Warning
2026-04-09 13:35:18,1.7491284127191031,24.48689322725606,1021.4614394632373,Warning
2026-04-09 13:35:03,0.24131086470950192,27.630099282427842,1021.5455717712381,Warning
2026-04-09 13:34:48,0.0,27.570857723602185,1013.1542721642918,Normal
2026-04-09 13:34:33,1.6714074370150684,28.37536603388228,1000.5884997308196,Normal
2026-04-09 13:34:18,0.0,37.909690152469175,1020.1858370790046,Warning
2026-04-09 13:34:03,2.683981076587954,28.62827441211184,1017.7544240122413,Warning
2026-04-09 13:33:48,0.0,23.04674691767481,989.3787786717693,Normal
2026-04-09 13:33:33,5.374836012543849,32.71269734630686,982.791946813093,Warning
2026-04-09 13:33:18,0.0,34.51576391139712,1003.0556888578596,Normal
2026-04-09 13:33:03,0.694846209485811,15.17913747890406,1046.4706045448556,Warning
2026-04-09 13:32:48,3.533793043424174,29.779200558798863,962.826787730383,Warning
2026-04-09 13:32:33,0.0,30.609381938487186,955.9742420274268,Warning
2026-04-09 13:32:18,2.0686498365103234,22.619491973120063,1004.9428252370955,Warning
2026-04-09 13:32:03,4.76785688570607,36.00565450649296,1001.5266310556806,Critical
2026-04-09 13:31:48,0.0,23.799555303739787,1005.2002499311122,Normal
2026-04-09 13:31:33,1.9615846463307605,26.004611627772338,1007.318595937255,Normal
2026-04-09 13:31:18,2.1497069856210587,23.61542540572904,993.3039323609559,Warning
2026-04-09 13:31:03,3.4545571794432757,25.12463238065174,1044.6959031580625,Warning
2026-04-09 13:30:48,0.0,16.229799304838387,951.9728806457045,Warning
2026-04-09 13:30:33,0.0,13.479592939245645,975.1450892565927,Normal
2026-04-09 13:30:18,2.804853914042244,37.756040505799774,996.9023571955286,Warning
2026-04-09 13:30:03,2.242461683082965,18.224309213453378,950.704335665375,Warning
2026-04-09 13:29:48,2.1262321258646915,17.068861204349542,994.7243678670378,Warning
2026-04-09 13:29:33,2.366120523742439,7.772879091170282,1049.8441049718406,Warning
2026-04-09 13:29:18,0.0,19.88830601848398,1000.6265946488788,Normal
2026-04-09 13:29:03,2.0806342429025086,14.415281652740013,1006.9210271715605,Warning
2026-04-09 13:28:48,2.232681183246703,38.13612128109095,962.1950570448225,Critical
2026-04-09 13:28:33,0.0,33.07853671474108,981.5091577588157,Normal
2026-04-09 13:28:18,6.164436277861891,19.494797238578208,988.7441085902819,Warning
2026-04-09 13:28:03,2.684582302279469,43.01948644275447,990.4685470973129,Warning
2026-04-09 13:27:48,0.0,32.85412389593275,1038.449313850113,Warning
2026-04-09 13:27:33,3.1413840215845745,22.40134893193102,1016.7307318217537,Warning
2026-04-09 13:27:18,0.0,5.004754281011415,966.656261291889,Warning
2026-04-09 13:27:03,3.46771150935613,43.32754058072594,1007.3951433529602,Warning
2026-04-09 13:26:48,4.39648894751851,13.883420265891232,1014.9466524549035,Warning
2026-04-09 13:26:33,0.0,11.836810024344866,1034.204471155638,Warning
2026-04-09 13:26:18,3.9084403231108045,33.180563456077124,1047.4162205970513,Warning
2026-04-09 13:26:03,2.5319523173412457,44.51801925071418,969.5471742451639,Critical
2026-04-09 13:25:48,3.555150399986225,36.074182548084146,975.6742746636899,Warning
2026-04-09 13:25:33,6.241982456634869,29.51127296041888,962.2726642325615,Critical
2026-04-09 13:25:18,0.8865297099928238,29.758034733322287,992.9794042267905,Normal
2026-04-09 13:25:03,0.0,31.827324470242463,1013.99075123339,Normal
2026-04-09 13:24:48,0.0,31.071428718294122,1029.6200354976731,Warning
2026-04-09 13:24:33,0.0,27.249531391755006,997.7214692907244,Normal
2026-04-09 13:24:18,1.3072457264647395,25.83360883161501,990.4045743023547,Normal
2026-04-09 13:24:03,2.35287993704161,24.499254976803822,1004.5527397674622,Warning
2026-04-09 13:23:48,2.1917269983250476,18.96828328906659,974.9457129510993,Warning
2026-04-09 13:23:33,3.5679581225900594,22.75459938506581,1062.6861616508431,Warning
2026-04-09 13:23:18,1.5325047296947676,11.456345486436916,951.7701691864582,Warning
2026-04-09 13:23:03,5.133835192893292,24.213282985642,1005.5422173668717,Warning
2026-04-09 13:22:48,0.8383579169051099,17.09127114279266,1060.7081865768891,Warning
2026-04-09 13:22:33,8.0,16.171285462273833,1000.2039953368,Warning
2026-04-09 13:22:18,3.0641683694125152,26.43915320922783,994.2988289499551,Warning
2026-04-09 13:22:03,0.0,36.136018290756795,989.2766373156871,Warning
2026-04-09 13:21:48,0.0,32.346532848018505,994.5882495471278,Normal
2026-04-09 13:21:33,2.706181038107963,12.435995171014584,1041.185454240296,Warning
2026-04-09 13:21:18,0.9413430366853728,17.0829749074373,933.6441426601148,Warning
2026-04-09 13:21:03,3.2850012352302302,32.52616950390573,1046.0030110388898,Warning
2026-04-09 13:20:48,2.683094061433862,17.140100851693525,957.2812854264956,Warning
2026-04-09 13:20:33,1.3179277183578182,23.202934800023804,992.0004301229676,Normal
2026-04-09 13:20:18,0.0,29.400416792196417,987.1226673910402,Normal
2026-04-09 13:20:03,0.0,17.253244361090918,1017.6565980931216,Normal
2026-04-09 13:19:48,0.3837126198324472,25.84300404916768,952.0562694434876,Warning
2026-04-09 13:19:33,3.640996985808681,14.327796040654365,1013.8651799824582,Warning
2026-04-09 13:19:18,2.03523436032551,20.18905884839029,1060.7292886986056,Warning
2026-04-09 13:19:03,0.0,27.558255473140296,959.1047798622157,Warning
2026-04-09 13:18:48,1.932952314627955,12.256050131746646,1005.6911850283119,Normal
2026-04-09 13:18:33,2.4632934493220917,28.523797903683192,980.1405346661018,Warning
2026-04-09 13:18:18,0.0,24.84289760858655,1012.7766161857911,Normal
2026-04-09 13:18:03,1.8843127648638198,29.41991963533718,1000.5744333224726,Normal
2026-04-09 13:17:48,1.6455217961149997,26.79131307251729,980.7553927286707,Normal
2026-04-09 13:17:33,0.0,35.91312343979075,1014.6361685461322,Warning
2026-04-09 13:17:18,2.394468400870708,26.001796021183257,1054.1304432936022,Warning
2026-04-09 13:17:03,2.9019613159205857,21.564755670997975,994.2728862481811,Warning
2026-04-09 13:16:48,4.207628107938192,25.97838002425827,1021.5927382644454,Critical
2026-04-09 13:16:33,4.134505130087257,29.346384232291104,961.2018112638651,Critical
2026-04-09 13:16:18,0.0,25.390880562605634,971.3069086954597,Normal
2026-04-09 13:16:03,0.0,25.324733529631057,1014.1721883364113,Normal
2026-04-09 13:15:48,2.7875881680216494,19.38406649754596,1044.523480856079,Warning
2026-04-09 13:15:33,2.784464877280522,19.696792659592415,1010.6684004635698,Warning
2026-04-09 13:15:18,2.78761921576512,13.779157825602452,990.6082590843054,Warning
2026-04-09 13:15:03,8.0,38.99661394549551,999.9787421627007,Critical
2026-04-09 13:14:48,2.9272262767329176,15.04909411686972,962.4877679809085,Warning
2026-04-09 13:14:33,4.338914100451497,19.45675841763274,1018.135459790661,Warning
2026-04-09 13:14:18,3.885004408733006,19.25274187544642,1026.4699918697022,Warning
2026-04-09 13:14:03,3.128478128264495,32.15939501555553,986.4372900150075,Warning
2026-04-09 13:13:48,0.711826888399136,22.640402573663778,985.898735567215,Normal
2026-04-09 13:13:33,3.3974230512331687,34.981936581389874,1007.9763468895615,Warning
2026-04-09 13:13:18,0.0,19.612075006049054,986.8984079187821,Normal
2026-04-09 13:13:03,0.9079534831499778,27.231953297790415,998.0160215612253,Normal
2026-04-09 13:12:48,0.28659113042724127,18.317223573921943,1062.9916536749954,Warning
2026-04-09 13:12:33,1.7046853484658064,42.161193022187106,992.5892289776201,Warning
2026-04-09 13:12:18,7.286646416683771,15.499212647763898,989.2497954393633,Warning
2026-04-09 13:12:03,0.0,27.47856568181622,980.5737458309452,Normal
2026-04-09 13:11:48,3.2156504759362834,30.070215047456788,1022.3257591449981,Warning
2026-04-09 13:11:33,0.0,28.310392779611988,994.5632748034569,Normal
2026-04-09 13:11:18,0.32017033552641627,23.517698728978335,980.5188088503572,Normal
2026-04-09 13:11:03,4.222376492418415,23.96143440213259,1039.6391209681904,Critical
2026-04-09 13:10:48,1.6607000477386569,25.350491775832875,1042.5880901354092,Warning
2026-04-09 13:10:33,0.0,23.82398398697209,981.9872930278389,Normal
2026-04-09 13:10:18,0.0,32.71103293435928,944.0038014591815,Warning
2026-04-09 13:10:03,3.1989943723366894,42.68418401273081,1030.2254106951077,Critical
2026-04-09 13:09:48,0.0,20.54006571993733,979.4611052271998,Normal
2026-04-09 13:09:33,2.041146473954937,14.041576163367377,1023.718767974883,Warning
2026-04-09 13:09:18,1.6139295997595344,24.29374361318996,940.8968854686449,Warning
2026-04-09 13:09:03,0.0,45.637674701234545,1026.7779201489793,Warning
2026-04-09 13:08:48,6.859860223313314,18.570603456242154,963.6648421215766,Critical
2026-04-09 13:08:33,3.084797555795028,38.11293444355254,1021.9229235719957,Warning
2026-04-09 13:08:18,0.0,38.421606512611525,1000.428192035093,Warning
2026-04-09 13:08:03,1.9661357869235692,20.571294066336044,971.3818174181007,Normal
2026-04-09 13:07:48,0.0,29.551864633482204,987.7889106121966,Normal
2026-04-09 13:07:33,3.6310833369905597,38.0271729850283,1020.589553708701,Warning
2026-04-09 13:07:18,0.0,21.966978072100105,1003.176833593457,Normal
2026-04-09 13:07:03,1.2131588963327524,23.371357119181106,1017.5323894141745,Normal
2026-04-09 13:06:48,2.7624681974511427,20.34655268841085,1059.2932175354645,Warning
2026-04-09 13:06:33,3.6643879854253036,16.881946154457065,953.0727516486685,Warning
2026-04-09 13:06:18,0.0,19.805779639471943,1048.5163772490587,Warning
2026-04-09 13:06:03,0.663746910397629,15.208477865901948,1003.1306781256964,Normal
2026-04-09 13:05:48,0.3126367220976096,25.272667746073807,973.0364785503061,Normal
2026-04-09 13:05:33,0.0,18.840214151530866,960.0905912278303,Warning
2026-04-09 13:05:18,5.913635600702742,26.870287294325983,994.326388276689,Warning
2026-04-09 13:05:03,2.512454277402389,12.552834830370982,1027.6495033577337,Warning
2026-04-09 13:04:48,0.0,27.647041857715656,996.173526388674,Normal
2026-04-09 13:04:33,3.79465486763694,31.668231692871398,1045.3346479074205,Warning
2026-04-09 13:04:18,6.805390492531583,9.050114859428357,956.4647292984532,Critical
2026-04-09 13:04:03,4.081163151377867,27.992452558780577,999.6373315646183,Warning
2026-04-09 13:03:48,0.0,34.82135193978634,962.4281966676065,Warning
2026-04-09 13:03:33,0.2894148178343716,15.322871850470356,1010.908956478749,Normal
2026-04-09 13:03:18,4.667277872966556,38.38057909470163,1026.606621702919,Critical
2026-04-09 13:03:03,0.0,28.352152074928362,987.3771461895684,Normal
2026-04-09 13:02:48,2.609548570365571,19.35990515393273,921.8735843011859,Warning
2026-04-09 13:02:33,3.4365851335733417,24.55384737873835,1005.9684444038949,Warning
2026-04-09 13:02:18,0.0,29.46661530017378,1013.1021565520053,Normal
2026-04-09 13:02:03,1.3511866098454999,25.608043131299294,1012.1288426488509,Normal
2026-04-09 13:01:48,0.0,29.310047939570953,1037.0734657546645,Warning
2026-04-09 13:01:33,0.0,17.63461125536507,967.8683896105285,Warning
2026-04-09 13:01:18,0.8685796215170992,26.354886592288622,1020.4064831635135,Warning
2026-04-09 13:01:03,0.0,13.690284024760158,1035.7752253743392,Warning
2026-04-09 13:00:48,5.581028259829088,24.1101915092104,946.6423724798045,Critical
2026-04-09 13:00:33,0.0,17.76873886828168,1009.5895547775693,Normal
2026-04-09 13:00:18,0.3998887832575406,19.115760459281866,984.8746050697698,Normal
2026-04-09 13:00:03,1.8268514432152283,34.8887454016835,997.5543198069506,Normal
2026-04-09 12:59:48,5.1031832226652885,33.73048096475415,1010.4302945061501,Warning
2026-04-09 12:59:33,0.0,29.873104967257415,985.3831430765935,Normal
2026-04-09 12:59:18,4.407909380387399,16.261497882619366,979.7287576251516,Critical
2026-04-09 12:59:03,1.5255826525489675,22.468732402441585,1001.0245725246407,Normal
2026-04-09 12:58:48,0.0,34.70478159983347,967.382621834116,Warning
2026-04-09 12:58:33,2.655258685658177,26.13373530911924,967.4252461334445,Warning
2026-04-09 12:58:18,1.997649238933675,43.55463631985356,1020.3811984886951,Warning
2026-04-09 12:58:03,0.0,28.146542715154975,965.5361789452403,Warning
2026-04-09 12:57:48,1.6745052124750472,26.536392931920254,1019.9893750272763,Normal
2026-04-09 12:57:33,0.5367160078455995,22.52706828637999,1013.8777387856186,Normal
2026-04-09 12:57:18,1.7837933631281202,26.06832723825826,948.2257981362822,Warning
2026-04-09 12:57:03,3.1553266863026166,23.78024130895565,979.6730604299304,Warning
2026-04-09 12:56:48,5.465042040363381,30.664869413508725,1035.823282091421,Critical
2026-04-09 12:56:33,0.0,32.653618534356674,970.5650340658095,Normal
2026-04-09 12:56:18,6.832583436640666,18.712084315936405,986.0678721307183,Warning
2026-04-09 12:56:03,0.0,14.350136371537776,1013.8618267975569,Normal
2026-04-09 12:55:48,1.1205372624110417,10.310357015173627,1023.5017152784778,Warning
2026-04-09 12:55:33,2.9707930162114415,29.06393061530035,992.4538334186651,Warning
2026-04-09 12:55:18,2.2024796693375817,16.17306715060901,982.0746941592507,Warning
2026-04-09 12:55:03,0.0,7.776875256380137,1042.6710958509552,Warning
2026-04-09 12:54:48,0.9796943741068119,28.108628836247714,1052.1669899139274,Warning
2026-04-09 12:54:33,0.267497663352918,44.94399613946233,1029.3657415234538,Warning
2026-04-09 12:54:18,0.02658810763947117,24.951432707680855,1002.5595442769508,Normal
2026-04-09 12:54:03,3.6240052425525615,31.707926195613133,975.7520283507722,Warning
2026-04-09 12:53:48,2.3925387149126185,25.65463486838052,975.086667803303,Warning
2026-04-09 12:53:33,0.0,24.208882774470858,1015.6754231579728,Normal
2026-04-09 12:53:18,3.748999688583127,32.35261186390215,1012.5519466266605,Warning
2026-04-09 12:53:03,2.2682488021915233,22.67780364649079,1042.047957788393,Warning
2026-04-09 12:52:48,3.5321552970974004,27.139138512575222,1019.5135027760841,Warning
2026-04-09 12:52:33,3.0740721048090305,27.573582449568107,954.9075909472054,Warning
2026-04-09 12:52:18,0.0,19.65527637085561,1031.5584285316875,Warning
2026-04-09 12:52:03,0.09954739950757618,32.93633879629218,970.0581811805677,Normal
2026-04-09 12:51:48,3.3682340128081547,23.60032194643673,988.4808618414295,Warning
2026-04-09 12:51:33,3.025925663583662,18.95403872405724,1007.5060061875508,Warning
2026-04-09 12:51:18,1.4477460150896297,29.292078748563227,1059.8700246935189,Warning
2026-04-09 12:51:03,1.793318458271955,17.812256145671704,1093.2975566801608,Warning
2026-04-09 12:50:48,4.694162239471062,25.225449258953027,1018.2016917740855,Warning
2026-04-09 12:50:33,0.021071527910425214,24.92704802684637,994.5041014383884,Normal
2026-04-09 12:50:18,2.8677434529250947,33.68716452665262,1016.0351694544165,Warning
2026-04-09 12:50:03,0.9945183689152648,28.79758586303962,1026.6296627762151,Warning
2026-04-09 12:49:48,0.9557969919319493,24.79978433003885,990.3799712332842,Normal
2026-04-09 12:49:33,4.246942129967975,31.542130393602296,1053.8563406773696,Critical
2026-04-09 12:49:18,3.5635408724700746,36.12166039213851,1006.9021227757421,Warning
2026-04-09 12:49:03,3.533774090001596,29.462482450814896,1014.9322926727418,Warning
2026-04-09 12:48:48,4.763697017885823,25.082820958747046,1019.9777275616339,Warning
2026-04-09 12:48:33,1.5525096040818975,14.505310141198724,1012.6475983184337,Normal
2026-04-09 12:48:18,3.2048824282374095,16.47909069539702,1025.1682150140884,Warning
2026-04-09 12:48:03,0.7243331085163599,22.558202365162657,981.4824044035923,Normal
2026-04-09 12:47:48,2.3104158812211053,20.123902382725735,983.2509473816191,Warning
2026-04-09 12:47:33,1.1746423640807886,23.504229576116433,966.9953730108491,Warning
2026-04-09 12:47:18,1.7424899124817954,25.453199399176857,1013.1850369186068,Normal
2026-04-09 12:47:03,2.987892563592284,29.237542034853846,1023.3680951053634,Warning
2026-04-09 12:46:48,0.0,24.43600977552727,1013.7331859845566,Normal
2026-04-09 12:46:33,6.730968189213651,28.892013150609614,1050.2347730004262,Critical
2026-04-09 12:46:18,0.0,25.51579531848096,999.8321194351286,Normal
2026-04-09 12:46:03,0.0,9.19626746916903,1020.0622496677754,Warning
2026-04-09 12:45:48,4.395277183750169,17.485316849449966,967.2489737158205,Critical
2026-04-09 12:45:33,3.4791567349073396,23.847299554227078,988.387008925768,Warning
2026-04-09 12:45:18,3.060299542630388,15.32244205727114,1020.8661327269733,Warning
2026-04-09 12:45:03,3.0708637731607,29.799429839969637,1025.4730633222944,Warning
2026-04-09 12:44:48,1.4693830678827133,37.24600665874958,991.1809915700745,Warning
2026-04-09 12:44:33,0.0,34.750094813578535,997.852022444258,Normal
2026-04-09 12:44:18,1.689511395484316,23.292457032558335,954.4637875995758,Warning
2026-04-09 12:44:03,0.0,36.92580909479962,989.2891239758018,Warning
2026-04-09 12:43:48,3.937799333544378,26.18933965761689,1026.7114949055936,Warning
2026-04-09 12:43:33,1.1323565462446534,22.303312231055685,1017.256150483197,Normal
2026-04-09 12:43:18,0.0,20.092778691672482,1015.0199716414363,Normal
2026-04-09 12:43:03,0.6965353958675164,22.580242508094972,1001.4932106154288,Normal
2026-04-09 12:42:48,2.532328635689061,21.89458545167017,1000.2118947588453,Warning
2026-04-09 12:42:33,0.09068861799006322,26.3633297790039,980.1903658157966,Normal
2026-04-09 12:42:18,0.0,26.284591848398918,1020.9648526060761,Warning
2026-04-09 12:42:03,2.1092180287297806,25.024368161227315,1012.6291883316817,Warning
2026-04-09 12:41:48,2.112416427771807,28.4955053579708,1014.7605654397839,Warning
2026-04-09 12:41:33,0.2326420615721756,34.52517019829073,984.2189547199725,Normal
2026-04-09 12:41:18,0.322404235954193,32.59643308353059,935.3997124038626,Warning
2026-04-09 12:41:03,2.0801248433940907,13.120816252400772,1032.9145813526109,Warning
2026-04-09 12:40:48,0.0,5.0,985.6348763197478,Normal
2026-04-09 12:40:33,0.0,32.47455928991419,974.1167270787064,Normal
2026-04-09 12:40:18,0.0,14.064970412676631,1020.8043673574198,Warning
2026-04-09 12:40:03,0.9663821207203819,23.20187678485853,988.2396208024261,Normal
2026-04-09 12:39:48,2.2772689139950115,15.639095791525124,1031.7980915213986,Warning
2026-04-09 12:39:33,5.18839054237388,10.584156499359842,1018.5101784873009,Warning
2026-04-09 12:39:18,3.6441490580050484,29.331701825638305,1020.5070796960143,Warning
2026-04-09 12:39:03,1.1001536750914322,31.073241282421176,959.0213286639839,Warning
2026-04-09 12:38:48,1.452459480243278,20.387916794186246,1036.358319561592,Warning
2026-04-09 12:38:33,0.0,5.0,1007.8375159370157,Normal
2026-04-09 12:38:18,1.453717160019025,20.630044413980137,988.9216858226139,Normal
2026-04-09 12:38:03,0.7783534026996541,28.13443204322037,1004.3016540202675,Normal
2026-04-09 12:37:48,2.306796400845224,13.16870744980697,946.7129430130504,Warning
2026-04-09 12:37:33,0.0,26.466879358233246,1012.2595843444201,Normal
2026-04-09 12:37:18,2.7983662856029308,24.877521206616034,969.1188547545379,Warning
2026-04-09 12:37:03,5.331847282506445,29.634331996808708,959.419891424694,Critical
2026-04-09 12:36:48,1.228099628857856,25.956642947313227,954.3292244134633,Warning
2026-04-09 12:36:33,2.5042793052473535,17.215448472947557,1033.3806512496978,Warning
2026-04-09 12:36:18,3.225359979277781,34.572572013315934,981.1220981892163,Warning
2026-04-09 12:36:03,0.4969488202854093,23.73176341578424,1046.011831297495,Warning
2026-04-09 12:35:48,2.060231204526042,24.781563683920545,983.925956108431,Warning
2026-04-09 12:35:33,1.531481001954487,17.533856327414433,948.7792612722116,Warning
2026-04-09 12:35:18,1.7441902463720793,21.45374199046792,966.5042668015402,Warning
2026-04-09 12:35:03,0.0,17.921578287784794,1037.0743486002082,Warning
2026-04-09 12:34:48,1.5612754356473568,23.616431520612615,995.3230546619,Normal
2026-04-09 12:34:33,2.7449957281136244,38.69366784113875,983.551381105282,Warning
2026-04-09 12:34:18,5.127859019487604,14.02479085654915,1004.8005467755836,Warning
2026-04-09 12:34:03,3.898177065213017,12.091508816986071,1015.0534820850263,Warning
2026-04-09 12:33:48,6.882956143778891,36.769362619948865,1033.5219644770739,Critical
2026-04-09 12:33:33,0.0,23.32541058278507,1043.4549768967877,Warning
2026-04-09 12:33:18,3.6808015918016954,19.647418090720667,989.2069406263274,Warning
2026-04-09 12:33:03,1.9583550143458792,33.31923749916861,960.2185694175389,Warning
2026-04-09 12:32:48,6.974507333044181,20.155075682105085,987.5960451663017,Warning
2026-04-09 12:32:33,0.0,39.60807770837549,1007.8084151974866,Warning
2026-04-09 12:32:18,0.0,30.423406970714154,971.0872322136817,Normal
2026-04-09 12:32:03,0.0015183863899446148,21.09670873483438,971.2854725531487,Normal
2026-04-09 12:31:48,0.0,42.25846570612403,1010.3136364464966,Warning
2026-04-09 12:31:33,0.18561244579809744,20.154280615973292,998.5404294528864,Normal
2026-04-09 12:31:18,0.0,30.936762976074455,1000.9839098623476,Normal
2026-04-09 12:31:03,1.875984466190519,27.394340643251937,977.2451399589979,Normal
2026-04-09 12:30:48,2.354389939442899,35.413930315190385,993.087978573827,Warning
2026-04-09 12:30:33,6.190427098039716,37.49208957381482,972.2730056719508,Critical
2026-04-09 12:30:18,3.876059595465126,25.256033192526132,1026.7059523337437,Warning
2026-04-09 12:30:03,0.057740860843992214,18.972657037230533,1031.0574800417126,Warning
2026-04-09 12:29:48,0.0,28.679777143512933,944.6143641328572,Warning
2026-04-09 12:29:33,2.7297979287662644,19.57827704198315,972.1146741942277,Warning
2026-04-09 12:29:18,0.0,41.107097980212984,955.1041223472977,Warning
2026-04-09 12:29:03,6.078646914635884,26.0922826486619,980.4992819677931,Warning
2026-04-09 12:28:48,4.448600301803218,22.07742758950313,997.4968609062892,Warning
2026-04-09 12:28:33,0.327060869738238,26.477442446919266,956.5106434090441,Warning
2026-04-09 12:28:18,0.0,14.222989683762428,972.3442056062406,Normal
2026-04-09 12:28:03,4.884680935413532,17.22708769191479,969.8812788375551,Critical
2026-04-09 12:27:48,1.2136503868684554,34.603311263555405,1006.2180198819683,Normal
2026-04-09 12:27:33,4.594540779933654,19.744845768228835,1002.0803301110875,Warning
2026-04-09 12:27:18,0.0,16.62471213854448,978.3478733998824,Normal
2026-04-09 12:27:03,0.0015624426155678162,29.293222020218288,1005.304626164182,Normal
2026-04-09 12:26:48,1.5131092492954579,34.48563323730397,983.599597462382,Normal
2026-04-09 12:26:33,1.617451484411855,30.751626485320536,991.8503466902184,Normal
2026-04-09 12:26:18,0.3748363213018908,32.96838148644653,1050.203562708956,Warning
2026-04-09 12:26:03,3.057124830868747,18.945639291444316,1040.2138315537104,Warning
2026-04-09 12:25:48,0.0,13.62551466606525,961.0125628921721,Warning
2026-04-09 12:25:33,1.1440512874467663,37.010669215643894,1024.8919725363753,Warning
2026-04-09 12:25:18,1.800739079279747,22.418561289262914,1024.3418966347479,Warning
2026-04-09 12:25:03,2.7860970851468725,22.993335868359623,965.5521013374214,Warning
2026-04-09 12:24:48,3.2790371952222244,35.62555313479246,1024.563329312646,Warning
2026-04-09 12:24:33,0.0,29.44984007520528,1046.1379575523765,Warning
2026-04-09 12:24:18,0.0,28.64710217665286,966.3236558126675,Warning
2026-04-09 12:24:03,4.6941920547462725,42.32001875920867,972.474915369572,Critical
2026-04-09 12:23:48,2.330785029948979,19.851854156958858,1030.529844005305,Warning
2026-04-09 12:23:33,0.0,32.422721024649896,1008.1448593247694,Normal
2026-04-09 12:23:18,5.377879938806307,25.456104999176677,1016.5442882571857,Warning
2026-04-09 12:23:03,1.7891865857321467,27.148738230906055,1010.2176764920149,Normal
2026-04-09 12:22:48,4.4482429601595666,37.22774741130026,1011.7208776278443,Critical
2026-04-09 12:22:33,1.6687962035252724,29.06268605031699,960.2058361506676,Warning
2026-04-09 12:22:18,6.651869812204968,29.306368632397064,1031.4195311986434,Critical
2026-04-09 12:22:03,5.888352106108011,33.58005869847842,1035.0876997728333,Critical
2026-04-09 12:21:48,0.8775896288023163,22.080378163656917,993.1182776779592,Normal
2026-04-09 12:21:33,3.9289273773858886,18.286322661287947,998.6956915055841,Warning
2026-04-09 12:21:18,3.113439873962869,16.64152644783173,954.0667749233284,Warning
2026-04-09 12:21:03,4.921578893830872,9.269147284991986,1015.4276426805351,Warning
2026-04-09 12:20:48,0.0,41.44965703952258,1017.1617232514243,Warning
2026-04-09 12:20:33,3.2151286499960983,16.174333074226535,998.1342694900206,Warning
2026-04-09 12:20:18,4.14606121712397,23.229971011313825,1033.7306007961151,Critical
2026-04-09 12:20:03,0.0,22.785493600888636,989.9776830706018,Normal
2026-04-09 12:19:48,0.0,27.459253582472805,1016.9381777768081,Normal
2026-04-09 12:19:33,0.0,31.525897700314374,969.4100698392365,Warning
2026-04-09 12:19:18,0.8264829138886056,31.883787906877963,999.2934354737729,Normal
2026-04-09 12:19:03,3.2938556394899057,20.335380491448493,994.7693722629149,Warning
2026-04-09 12:18:48,5.25589263024007,23.663026289708707,1006.7592376612282,Warning
2026-04-09 12:18:33,1.685236951049438,27.260639603906398,988.9141921349992,Normal
2026-04-09 12:18:18,5.57153886392823,23.010470990531623,996.05582212985,Warning
2026-04-09 12:18:03,0.0,37.858764608159944,1024.781415143245,Warning
2026-04-09 12:17:48,0.0,28.92779961310601,986.8970728828534,Normal
2026-04-09 12:17:33,1.361130752758453,30.879022288398538,951.8026869778396,Warning
2026-04-09 12:17:18,2.460163622348268,30.303050149339303,1052.4875171261626,Warning
2026-04-09 12:17:03,1.4182631297647672,34.3877908598826,1041.4436223607147,Warning
2026-04-09 12:16:48,0.0,26.448172469629654,961.2321191468315,Warning
2026-04-09 12:16:33,1.277199901218029,14.625344416353228,1020.6912341573558,Warning
2026-04-09 12:16:18,0.0,28.197503614021134,984.9107568834597,Normal
2026-04-09 12:16:03,3.174181372075096,19.78914484966537,1007.9046164599317,Warning
2026-04-09 12:15:48,2.4164956152421206,20.771066546001947,1008.8267238704049,Warning
2026-04-09 12:15:33,0.0,29.690912150040745,992.9677659905103,Normal
2026-04-09 12:15:18,0.2153327066582662,34.90626457146909,976.4870300324081,Normal
2026-04-09 12:15:03,0.0,25.170172613888493,979.2837684305122,Normal
2026-04-09 12:14:48,1.3433022568170703,27.47066410079171,972.5142425355627,Normal
2026-04-09 12:14:33,3.8878558012530955,38.617719557081905,975.0453337530867,Warning
2026-04-09 12:14:18,0.0,26.926025435908546,997.9846512985193,Normal
2026-04-09 12:14:03,2.760116288794611,45.813464913443156,978.5272003266774,Warning
2026-04-09 12:13:48,0.17435595406889792,29.524077165052354,1020.4615619713786,Warning
2026-04-09 12:13:33,0.0,10.913897926753458,1044.6173846600777,Warning
2026-04-09 12:13:18,1.2324241001136054,31.02673296883626,982.5984027588987,Normal
2026-04-09 12:13:03,0.0,28.049267079062222,1007.1821350160614,Normal
2026-04-09 12:12:48,0.11587673663204479,35.318022032661965,1014.990553309088,Warning
2026-04-09 12:12:33,0.0,30.385450810159668,1014.1600681275783,Normal
2026-04-09 12:12:18,6.411812832290973,23.892352128129808,1002.2786580374826,Warning
2026-04-09 12:12:03,1.5881588799293216,15.205614109685074,1022.2804725507917,Warning
2026-04-09 12:11:48,0.0,23.3278139417118,1014.4674685804197,Normal
2026-04-09 12:11:33,2.034949776835555,18.1958363663256,962.870127330181,Warning
2026-04-09 12:11:18,1.2191798757729253,20.35581240156222,1026.0746819316782,Warning
2026-04-09 12:11:03,0.9475760011669425,29.708627235364876,1026.6187251180022,Warning
2026-04-09 12:10:48,3.035416750108563,38.359236034811246,977.1014168746426,Warning
2026-04-09 12:10:33,3.3937692751182627,28.15737223858385,1001.1381350634281,Warning
2026-04-09 12:10:18,0.17374713097368133,15.432935503718525,1020.4998697843321,Warning
2026-04-09 12:10:03,0.06045439838829991,28.556821345761126,993.7205854126191,Normal
2026-04-09 12:09:48,0.81237075712089,34.57305189316521,1032.1893414329804,Warning
2026-04-09 12:09:33,0.0,20.121736765444943,1070.916174838581,Warning
2026-04-09 12:09:18,0.0,23.927862666616658,976.4204190209505,Normal
2026-04-09 12:09:03,4.917185668611312,25.117505557833578,958.5686619053868,Critical
2026-04-09 12:08:48,5.612419283753209,18.720813495342078,1009.1145578681462,Warning
2026-04-09 12:08:33,0.8774099011090541,30.186243470750874,1021.6468751537843,Warning
2026-04-09 12:08:18,2.941392407639416,24.03241481113775,993.0740087846569,Warning
2026-04-09 12:08:03,2.27812538635884,28.356259551256223,1043.597819899631,Warning
2026-04-09 12:07:48,8.0,17.9000625775832,959.8418260083025,Critical
2026-04-09 12:07:33,4.2989372785864415,21.500333597412716,1020.7875586909483,Critical
2026-04-09 12:07:18,1.1802060212980836,30.77905086262217,981.8241753772332,Normal
2026-04-09 12:07:03,0.0,22.017334783265863,1051.581337186219,Warning
2026-04-09 12:06:48,0.0,38.81571080986724,1059.7754605950436,Warning
2026-04-09 12:06:33,2.0086590896680576,21.80291051508318,977.0003023664996,Warning
2026-04-09 12:06:18,0.0,26.797477806015088,983.5132859227426,Normal
2026-04-09 12:06:03,0.0,32.46072665498472,1025.787636609394,Warning
2026-04-09 12:05:48,0.0,13.653074136535746,988.3860805063146,Normal
2026-04-09 12:05:33,0.0,10.913529504153793,998.6376634620328,Normal
2026-04-09 12:05:18,5.7178540876814115,12.794749483439242,1000.7616526162723,Warning
2026-04-09 12:05:03,3.7040993923736263,35.100672827417455,942.4098053140704,Warning
2026-04-09 12:04:48,1.4800683967084565,20.585134832860426,999.5848676171729,Normal
2026-04-09 12:04:33,5.199860347225065,45.465594285346015,979.3081667780748,Critical
2026-04-09 12:04:18,1.6934207691190457,20.486019210740892,985.2063153280069,Normal
2026-04-09 12:04:03,0.0,26.476410425576297,1043.3089601040645,Warning
2026-04-09 12:03:48,5.307810193174143,37.336879620543,962.3047931716224,Critical
2026-04-09 12:03:33,2.8472751092116466,41.04874310527298,1024.3961556024394,Warning
2026-04-09 12:03:18,0.0,41.49202861309118,991.6311120900457,Warning
2026-04-09 12:03:03,1.0241533047909797,34.66692984474514,991.607194945125,Normal
2026-04-09 12:02:48,0.0,33.1925002064917,1023.7111568815513,Warning
2026-04-09 12:02:33,0.0,29.740215593609463,1010.2015388370667,Normal
2026-04-09 12:02:18,3.8154438688291035,31.226888609333102,1017.1183899165859,Warning
2026-04-09 12:02:03,6.273541601175326,20.59051426937173,1029.0455398159859,Critical
2026-04-09 12:01:48,0.0,18.454408932621543,990.0607485045003,Normal
2026-04-09 12:01:33,2.907423091726427,24.973004340712382,981.6328979647675,Warning
2026-04-09 12:01:18,0.0,23.638523019800573,967.445484203266,Warning
2026-04-09 12:01:03,0.28218654058825976,21.374175605381797,975.2376841006313,Normal
2026-04-09 12:00:48,0.019015189402827204,30.571099579653723,1088.4728327592618,Warning
2026-04-09 12:00:33,0.0,32.64244166856409,1037.3403874221035,Warning
2026-04-09 12:00:18,1.6213040698620675,25.70725509033478,959.4677690137594,Warning
2026-04-09 12:00:03,0.0,36.820240648442095,960.3262612976929,Warning
2026-04-09 11:59:48,2.1761420644495972,15.86648708693196,1014.4559818515547,Warning
2026-04-09 11:59:33,1.3744047263771577,23.450724325762256,1016.417943921339,Normal
2026-04-09 11:59:18,0.9026298828339756,19.26542143517756,1016.4665150595209,Normal
2026-04-09 11:59:03,0.0,10.06770706341552,992.351326193389,Normal
2026-04-09 11:58:48,0.058071673579168204,24.338554513258405,996.236372199913,Normal
2026-04-09 11:58:33,3.38847806456439,24.026019932933732,1009.8363857247807,Warning
2026-04-09 11:58:18,2.752292969060952,37.107597945937044,1002.5767901887999,Warning
2026-04-09 11:58:03,0.0,30.046493476438222,933.420988817574,Warning
2026-04-09 11:57:48,1.7483307635730647,16.80650540536636,993.1060110827442,Normal
2026-04-09 11:57:33,3.3784678084294724,39.832740530673505,974.4578069721906,Warning
2026-04-09 11:57:18,0.0,34.768269564202825,1005.2563425672554,Normal
2026-04-09 11:57:03,2.858400480949838,29.656781627748927,1089.5577700781023,Warning
2026-04-09 11:56:48,0.0,23.188127209201344,1011.0244499642291,Normal
2026-04-09 11:56:33,2.9264966714828984,17.324486106212163,990.594109414828,Warning
2026-04-09 11:56:18,0.0,22.022345791431576,1027.6540450593175,Warning
2026-04-09 11:56:03,0.0,33.709988957633485,1014.4806366162763,Normal
2026-04-09 11:55:48,0.0,40.07669044747687,1012.6028347135552,Warning
2026-04-09 11:55:33,1.620212366653455,37.34594822617751,1018.2055177964701,Warning
2026-04-09 11:55:18,2.1493062543037045,21.089204625709808,1061.6963069448861,Warning
2026-04-09 11:55:03,0.0,16.04306053368791,966.0733469402226,Warning
2026-04-09 11:54:48,3.096481146943435,26.127089975289632,1014.2089623043437,Warning
2026-04-09 11:54:33,0.0,10.852485075497187,972.2085661005539,Normal
2026-04-09 11:54:18,1.3348005033817085,27.58534171347825,1016.6653793902675,Normal
2026-04-09 11:54:03,0.0,23.81917930961065,972.4394046554172,Normal
2026-04-09 11:53:48,0.0,21.27170798505406,987.4789955918475,Normal
2026-04-09 11:53:33,1.618496678291035,12.242375461865636,991.1473025728628,Normal
2026-04-09 11:53:18,0.0,29.10880085255773,1029.2745015803412,Warning
2026-04-09 11:53:03,0.5386111394254366,20.73839328270471,1027.5536333182724,Warning
2026-04-09 11:52:48,4.015732023036101,15.640665314317696,962.6284787066085,Critical
2026-04-09 11:52:33,0.057770326192128074,5.0,1001.6480233299955,Normal
2026-04-09 11:52:18,3.5892302801628544,24.77988075959491,978.7126043575248,Warning
2026-04-09 11:52:03,0.0,39.17801277335795,962.24485267974,Warning
2026-04-09 11:51:48,2.8245104447882072,38.29007371638296,993.4894884872689,Warning
2026-04-09 11:51:33,5.103921551644751,21.343229947309826,990.7455163463254,Warning
2026-04-09 11:51:18,0.0,20.182303517105755,1072.8014945903656,Warning
2026-04-09 11:51:03,0.0,28.75019404860019,1012.9887947608208,Normal
2026-04-09 11:50:48,2.94268031795135,17.01291648649367,958.6714749773729,Warning
2026-04-09 11:50:33,0.9923865348925183,27.414335198555726,983.0567798748717,Normal
2026-04-09 11:50:18,2.427864683428272,31.12864222707752,1030.641498862882,Warning
2026-04-09 11:50:03,0.0,34.81546579107446,1062.6532831860977,Warning
2026-04-09 11:49:48,1.7164744686822497,24.198767388160377,952.4205006328613,Warning
2026-04-09 11:49:33,1.1108069115198014,23.37060999858427,943.6022684458286,Warning
2026-04-09 11:49:18,4.419455154149518,17.976139305947513,1056.1289552611534,Critical
2026-04-09 11:49:03,2.1360521082530326,18.38495716768112,1011.6884253211272,Warning
2026-04-09 11:48:48,2.3440066551880054,23.188168864787787,973.951218043709,Warning
2026-04-09 11:48:33,0.4703075846938316,27.938924054529423,1016.0388725836731,Normal
2026-04-09 11:48:18,0.2809844398187662,32.308677009865995,920.9275678294937,Warning
2026-04-09 11:48:03,0.4186045304509478,18.57456839455724,1000.1012651979148,Normal
2026-04-09 11:47:48,2.4861303559457424,36.94150855167617,1009.8346351852925,Warning
2026-04-09 11:47:33,0.4475387979493426,22.83101119165945,1027.728104186135,Warning
2026-04-09 11:47:18,2.2244371422410323,24.829061645212512,969.5831214312238,Warning
2026-04-09 11:47:03,6.6885019966135975,19.022306566817413,1002.5706148421008,Warning
2026-04-09 11:46:48,3.6778117585792307,5.606077917816467,972.2372612182123,Warning
2026-04-09 11:46:33,0.6849411695803972,32.072363170888394,1007.6615126702295,Normal
2026-04-09 11:46:18,4.503034805409862,30.89475117673947,973.1396103291092,Critical
2026-04-09 11:46:03,0.4798115674461214,22.749379543054292,987.7569748251934,Normal
2026-04-09 11:45:48,0.0,25.535925737798976,970.1255381562931,Normal
2026-04-09 11:45:33,0.0,29.127513741632796,1019.5340872547097,Normal
2026-04-09 11:45:18,0.0,12.499633144907659,1025.7535334996999,Warning
2026-04-09 11:45:03,0.6212162898967284,20.767578581229643,992.9613829012776,Normal
2026-04-09 11:44:48,1.5460459479738793,31.35411743697462,1001.1471398488009,Normal
2026-04-09 11:44:33,5.691093280688206,14.965684614646005,956.5422575609937,Critical
2026-04-09 11:44:18,2.3173184344104065,27.348463457333033,991.0097005597964,Warning
2026-04-09 11:44:03,0.9522486779778394,14.14734556301276,998.4938614887477,Normal
2026-04-09 11:43:48,3.5735139529587228,28.73143985946821,1078.6237927308994,Warning
2026-04-09 11:43:33,0.0,24.71486814162013,966.6409892267751,Warning
2026-04-09 11:43:18,2.089036395271415,12.078945472755924,1043.925317162573,Warning
2026-04-09 11:43:03,3.427162984717417,34.31791483565737,1029.9057632039742,Warning
2026-04-09 11:42:48,0.0,19.123267385615605,1008.4190921347041,Normal
2026-04-09 11:42:33,4.359385108017323,18.517980503884953,1052.758614525854,Critical
2026-04-09 11:42:18,2.3462410187360354,26.604553577847543,1011.1631641782059,Warning
2026-04-09 11:42:03,0.46178021524799684,34.18909879542972,1011.6747758700378,Normal
2026-04-09 11:41:48,3.0819546652657124,16.873425448172824,998.4063804094736,Warning
2026-04-09 11:41:33,7.176732144510989,25.493438798783775,1036.7070664725588,Critical
2026-04-09 11:41:18,1.954665637646238,28.430532002644583,1032.8940770143265,Warning
2026-04-09 11:41:03,2.1205514657508404,30.54484485810515,981.2296813751136,Warning
2026-04-09 11:40:48,0.35159775114938974,26.4115324422178,960.422584162037,Warning
2026-04-09 11:40:33,0.0,22.063777287333423,993.9105808781303,Normal
2026-04-09 11:40:18,3.575839541360614,18.379278234810243,975.9988430680706,Warning
2026-04-09 11:40:03,0.0,25.689151064370996,998.0942627615393,Normal
2026-04-09 11:39:48,1.6789155930484811,16.422887904115143,1037.1231440405243,Warning
2026-04-09 11:39:33,0.3058563830872083,5.0,986.2809503473964,Normal
2026-04-09 11:39:18,2.6974495643659795,28.492478433261343,998.7152985606527,Warning
2026-04-09 11:39:03,2.3341552632173705,32.23147872868956,1001.7406820442519,Warning
2026-04-09 11:38:48,4.093849860644748,6.096540515665293,1025.4529264661585,Critical
2026-04-09 11:38:33,0.22495900286313253,16.922154362320498,932.5933199804618,Warning
2026-04-09 11:38:18,0.8253126617665718,29.953234088041583,981.7989911570411,Normal
2026-04-09 11:38:03,0.0,41.459963757693586,1006.3385107683841,Warning
2026-04-09 11:37:48,0.3892668498097209,25.166349661403263,1036.002368692806,Warning
2026-04-09 11:37:33,2.4432512326121305,19.175976470166923,985.2429265748139,Warning
2026-04-09 11:37:18,3.3924715416133795,23.53682847116128,943.7034188187438,Warning
2026-04-09 11:37:03,0.0,35.99901135318548,1018.5913433789841,Warning
2026-04-09 11:36:48,3.6740148002641506,19.832286567003717,980.9391283352311,Warning
2026-04-09 11:36:33,4.889094647012377,18.606463946797973,964.3100002272892,Critical
2026-04-09 11:36:18,2.533587258059252,21.13805182254374,981.2696383086032,Warning
2026-04-09 11:36:03,6.191989531395165,17.373371133930302,994.4642392703245,Warning
2026-04-09 11:35:48,0.0,25.981362527958364,981.8576600638536,Normal
2026-04-09 11:35:33,0.0,37.99742766775648,933.8330182870279,Warning
2026-04-09 11:35:18,0.0,27.584634184928234,1026.911985906614,Warning
2026-04-09 11:35:03,5.240110778722958,22.9811719829897,1038.2462512383618,Critical
2026-04-09 11:34:48,3.135914140885144,22.665509848675647,1019.5456597401852,Warning
2026-04-09 11:34:33,1.3610383227238623,12.494473530426744,965.8694298872555,Warning
2026-04-09 11:34:18,2.1999215657995506,32.064878217177274,993.9552539815745,Warning
2026-04-09 11:34:03,0.0,24.377302423897582,999.8043605431162,Normal
2026-04-09 11:33:48,7.614379949042066,23.556160691274997,1017.9638316868574,Warning
2026-04-09 11:33:33,1.8230529549380687,50.0,1020.0502146615424,Warning
2026-04-09 11:33:18,1.7734869865122322,27.39002326692549,977.9747860366451,Normal
2026-04-09 11:33:03,3.31441655974673,18.985671599238525,1002.4598666924068,Warning
2026-04-09 11:32:48,2.702523079341783,21.589139230355652,1013.7184121384572,Warning
2026-04-09 11:32:33,2.0597100606978285,34.18756567357404,1043.674669664403,Warning
2026-04-09 11:32:18,0.0,25.906163284302117,1021.1351961947416,Warning
2026-04-09 11:32:03,2.6786708928399894,13.493776173461066,1023.6717006212656,Warning
2026-04-09 11:31:48,6.205061241187584,32.35383147660163,1002.5147988378808,Warning
2026-04-09 11:31:33,4.863550115387444,19.65484731568805,1042.3137743561051,Critical
2026-04-09 11:31:18,5.482966566598493,39.98638220974036,1012.2928838787849,Critical
2026-04-09 11:31:03,0.22196080892203707,33.64038452571719,974.1673626947929,Normal
2026-04-09 11:30:48,0.0,21.42142483472999,1042.1010991037558,Warning
2026-04-09 11:30:33,1.1855326997508797,35.248130893880905,1020.9370981761708,Warning
2026-04-09 11:30:18,1.6393122807217364,25.542844084219226,986.7086793661456,Normal
2026-04-09 11:30:03,4.235478796177372,31.822189400977756,985.6152109780227,Warning
2026-04-09 11:29:48,0.0,28.8778625383558,1008.8972663542229,Normal
2026-04-09 11:29:33,5.323875798651534,18.22914676007301,1013.8955438580275,Warning
2026-04-09 11:29:18,1.1049802535525264,19.851601341460302,1005.9187679689362,Normal
2026-04-09 11:29:03,0.43279732513144986,33.23968654064929,1009.3392602032866,Normal
2026-04-09 11:28:48,0.0,22.321797343147672,1050.9987212372914,Warning
2026-04-09 11:28:33,0.0,21.770812294064026,1032.1462945670467,Warning
2026-04-09 11:28:18,3.5579264599047864,17.359019365205178,1005.7190677379507,Warning
2026-04-09 11:28:03,1.6832949179710097,28.38879252474769,1028.2393174230244,Warning
2026-04-09 11:27:48,0.0,41.50019935394516,969.0242828941738,Warning
2026-04-09 11:27:33,0.0,16.459736685965815,1011.9378114984042,Normal
2026-04-09 11:27:18,0.6605382517746794,25.193755653382066,1054.2791904919934,Warning
2026-04-09 11:27:03,5.672553813223482,36.29776444332343,993.4586231382287,Critical
2026-04-09 11:26:48,0.851021621590988,24.36286887003428,974.5709821414274,Normal
2026-04-09 11:26:33,0.0,28.618974369997872,980.4373333422081,Normal
2026-04-09 11:26:18,0.8856423397851392,16.500851774824962,967.3110088797283,Warning
2026-04-09 11:26:03,0.8181910756308238,28.426456777661187,976.4571427561689,Normal
2026-04-09 11:25:48,0.0,23.50284587996361,988.8847570422992,Normal
2026-04-09 11:25:33,1.3642628337054694,32.885839965438905,957.8329894246407,Warning
2026-04-09 11:25:18,0.9226636744783051,34.499088412518006,1000.4685500184881,Normal
2026-04-09 11:25:03,3.240515912033546,45.716509136148915,1027.0683152135994,Critical
2026-04-09 11:24:48,6.122390237363363,29.637065385708606,972.7673145955924,Critical
2026-04-09 11:24:33,4.3164125738693935,27.60637053265733,1045.578517709253,Critical
2026-04-09 11:24:18,0.8277782736129236,26.555074412618687,1015.3237626558279,Normal
2026-04-09 11:24:03,0.0,22.174669657514492,1030.9174175687217,Warning
2026-04-09 11:23:48,7.933399508124651,27.70787074769353,980.2649633844359,Warning
2026-04-09 11:23:33,1.6480460850362206,22.636788718887765,1025.6357568119984,Warning
2026-04-09 11:23:18,1.5348232297823654,26.347687810156913,967.2419829881406,Warning
2026-04-09 11:23:03,1.4396872822249918,35.54078028486368,1026.7074250250953,Warning
2026-04-09 11:22:48,1.9952119019196375,16.94765947776287,1005.1551801938059,Normal
2026-04-09 11:22:33,1.139098970190144,34.11902848903236,1016.5975365995436,Normal
2026-04-09 11:22:18,0.0658449827994092,35.536920538718924,964.7321618312544,Warning
2026-04-09 11:22:03,0.13285264689901966,24.05545178407137,973.1479047317018,Normal
2026-04-09 11:21:48,1.418116824460004,8.025160807931243,1017.9168465476015,Normal
2026-04-09 11:21:33,0.14143807216558768,20.13742410324454,971.549559873274,Normal
2026-04-09 11:21:18,0.0,35.37595637248887,1013.8961887629737,Warning
2026-04-09 11:21:03,1.766075569229742,24.817055501608944,958.9858658061926,Warning
2026-04-09 11:20:48,0.8625569564478618,17.005582141640716,1025.4452263800001,Warning
2026-04-09 11:20:33,5.259982471456722,20.96180063017426,963.0243005569447,Critical
2026-04-09 11:20:18,0.0,31.724960212036425,1016.5689981303857,Normal
2026-04-09 11:20:03,4.228767129806155,29.373868545611035,1018.76892800938,Warning
2026-04-09 11:19:48,4.615212981244072,23.088543206642445,979.0968454471127,Critical
2026-04-09 11:19:33,0.0,22.0654047054825,1017.4607970125418,Normal
2026-04-09 11:19:18,0.6432810147991281,21.865934807649424,1007.8132679000066,Normal
2026-04-09 11:19:03,0.5713978350105213,17.62071852401198,983.8347443142178,Normal
2026-04-09 11:18:48,0.0,37.923005515755534,969.7433594777137,Warning
2026-04-09 11:18:33,0.0,22.42143624630928,941.1212292498226,Warning
2026-04-09 11:18:18,0.0,34.73726816660397,1010.4895014189908,Normal
2026-04-09 11:18:03,5.880676108559057,37.17052841537961,953.0559168591384,Critical
2026-04-09 11:17:48,3.839195982868653,32.986487185183684,1002.8603259832392,Warning
2026-04-09 11:17:33,4.678887737485397,21.547037498255612,992.0965535175326,Warning
2026-04-09 11:17:18,3.304180160108088,28.229840722692877,1020.3742832631459,Warning
2026-04-09 11:17:03,0.0,24.80643514887267,990.938635015304,Normal
2026-04-09 11:16:48,0.18869933430056585,17.770385114158977,990.1165664095872,Normal
2026-04-09 11:16:33,2.723436403069795,27.594874253772822,1021.9561211286489,Warning
2026-04-09 11:16:18,0.0,15.56768167072158,1010.0517408725235,Normal
2026-04-09 11:16:03,3.28249607543097,34.50143510769251,1009.4846787154834,Warning
2026-04-09 11:15:48,0.8991865046046624,21.283061621612855,1014.0780276942558,Normal
2026-04-09 11:15:33,0.5629479811260062,26.609277246982714,953.9328363037869,Warning
2026-04-09 11:15:18,3.2773999205087287,27.266302972369136,1022.7036603996095,Warning
2026-04-09 11:15:03,2.6106582787150994,22.928760210367383,1018.3740638204081,Warning
2026-04-09 11:14:48,0.5975845854523002,29.6935504118022,969.4995061427051,Warning
2026-04-09 11:14:33,4.39832450841062,21.200770747019803,992.677585789774,Warning
2026-04-09 11:14:18,0.0,31.97037837965795,998.820781371171,Normal
2026-04-09 11:14:03,3.0398390173606593,14.232162558026012,995.965096467948,Warning
2026-04-09 11:13:48,2.9827531449209594,26.011036636371294,1010.0157989970561,Warning
2026-04-09 11:13:33,0.7261339017150243,40.51143199246628,1042.9410034549355,Warning
2026-04-09 11:13:18,2.315332555605295,16.997349403155404,1032.4530018301848,Warning
2026-04-09 11:13:03,0.0,19.57804023580119,960.6334241970578,Warning
2026-04-09 11:12:48,3.8100675480172526,29.11126279727132,1018.6620997091815,Warning
2026-04-09 11:12:33,1.0377446588925274,26.436654255516785,1039.8679995860623,Warning
2026-04-09 11:12:18,0.19319244870240126,27.805040794188475,1011.6042556206761,Normal
2026-04-09 11:12:03,4.122523064592223,28.91349704118131,1032.729412755579,Critical
2026-04-09 11:11:48,0.0,30.077771748494158,1060.368113371023,Warning
2026-04-09 11:11:33,0.0,33.877598735649784,1030.7112863832094,Warning
2026-04-09 11:11:18,0.0,28.2785492554281,1007.4792578692519,Normal
2026-04-09 11:11:03,3.015024878364099,23.06993876305166,1031.3526542225427,Warning
2026-04-09 11:10:48,0.0,30.38058960962185,1004.3466349929067,Normal
2026-04-09 11:10:33,5.886985454960912,40.19905547916173,1000.7170912985487,Critical
2026-04-09 11:10:18,0.0,23.93893002893941,989.457572928588,Normal
2026-04-09 11:10:03,5.741140920725096,17.203765562634867,1046.9024007649632,Critical
2026-04-09 11:09:48,2.027543668006546,33.85664535429578,975.44714002174,Warning
2026-04-09 11:09:33,1.258217220324019,24.036950688371213,1045.9710317403435,Warning
2026-04-09 11:09:18,0.13770228297762577,7.618643631887711,1014.9959237122112,Normal
2026-04-09 11:09:03,2.4978402858801774,31.779373417203374,958.0208147559417,Warning
2026-04-09 11:08:48,1.4059132439378792,20.717374512368618,1011.0294787897426,Normal
2026-04-09 11:08:33,4.2582547050413035,24.275733741566714,936.9992047704512,Critical
2026-04-09 11:08:18,1.785569121655099,27.655842644552116,1018.7652405049311,Normal
2026-04-09 11:08:03,1.875754403654694,26.52399743823253,1026.5569444896698,Warning
2026-04-09 11:07:48,0.5909694694653603,30.675614537112317,982.2293213304384,Normal
2026-04-09 11:07:33,1.3576359406973313,21.516109035441254,1003.7064308786674,Normal
2026-04-09 11:07:18,2.269504422230148,29.104846385408663,1058.6247230125086,Warning
2026-04-09 11:07:03,0.0,22.923626579328662,984.827598872142,Normal
2026-04-09 11:06:48,0.0,30.910483847100025,968.232772388302,Warning
2026-04-09 11:06:33,3.358160235056787,29.92293987210443,1044.4499020738779,Warning
2026-04-09 11:06:18,1.9271635953198547,17.516490383643237,1058.8776157159239,Warning
2026-04-09 11:06:03,1.0400416591183022,33.687856929400255,1000.1108701554355,Normal
2026-04-09 11:05:48,1.5460848326634828,20.712292439087616,1030.3438910622506,Warning
2026-04-09 11:05:33,2.3689542634041776,31.46446238624916,1040.2442774659264,Warning
2026-04-09 11:05:18,0.1506007992265963,27.938298507210725,977.7254730238485,Normal
2026-04-09 11:05:03,0.0,39.70546941436098,985.4408249389639,Warning
2026-04-09 11:04:48,1.989613137744204,23.21227214102518,1036.926235394642,Warning
2026-04-09 11:04:33,0.0,22.20546563105442,1050.5504283612554,Warning
2026-04-09 11:04:18,2.5206318892861796,24.84464315289814,1016.8864258052306,Warning
2026-04-09 11:04:03,0.0,22.574561737325798,973.6055693949384,Normal
2026-04-09 11:03:48,4.072889093314109,31.3995352155364,1059.6118333509833,Critical
2026-04-09 11:03:33,2.6814937060326076,12.069515132507297,984.0708730656411,Warning
2026-04-09 11:03:18,2.140074335784689,16.570540646829166,989.9458665648565,Warning
2026-04-09 11:03:03,3.9567274598637847,16.457576627366457,1010.2701350346887,Warning
2026-04-09 11:02:48,5.663686111156442,32.602460735788604,1046.6248126214432,Critical
2026-04-09 11:02:33,4.035925162545326,38.6849069806554,1025.6192792965667,Critical
2026-04-09 11:02:18,0.0,24.16440625170023,1012.4459650108573,Normal
2026-04-09 11:02:03,0.0,23.649426214479917,1013.8986559035432,Normal
2026-04-09 11:01:48,0.0,25.56041730490545,1001.305440059304,Normal
2026-04-09 11:01:33,1.5652276255270845,34.295026420865526,1016.7441854355552,Normal
2026-04-09 11:01:18,2.7941475511728076,17.581174926475406,924.1131976691709,Warning
2026-04-09 11:01:03,0.0,26.90695186187828,991.101776227906,Normal
2026-04-09 11:00:48,1.9669169111926958,32.801581038259435,1007.2396580475034,Normal
2026-04-09 11:00:33,0.0,29.008753359518764,965.4695774914148,Warning
2026-04-09 11:00:18,0.0,26.516652932789945,1011.5896995343468,Normal
2026-04-09 11:00:03,0.0,33.00836874053713,993.8658633704164,Normal
2026-04-09 10:59:48,0.0,5.0,1052.6642709494647,Warning
2026-04-09 10:59:33,0.0,30.423002556247262,1047.1905917564457,Warning
2026-04-09 10:59:18,0.0,19.76739453498061,986.0258329264551,Normal
2026-04-09 10:59:03,4.134104491519599,10.354936825148345,995.4748686529991,Warning
2026-04-09 10:58:48,0.0,29.089620796199846,997.7815730317482,Normal
2026-04-09 10:58:33,8.0,35.98926836130366,986.4502157152114,Critical
2026-04-09 10:58:18,2.733294752202223,23.900411882978464,1005.8507495208438,Warning
2026-04-09 10:58:03,1.9620903092371846,32.62299637762351,977.2515379333723,Normal
2026-04-09 10:57:48,0.0,37.89822606390916,966.0815399518742,Warning
2026-04-09 10:57:33,3.2507746985224784,35.51931562867238,1018.6813367170081,Warning
2026-04-09 10:57:18,0.060905434405565284,38.11971623497114,1018.8858875266543,Warning
2026-04-09 10:57:03,1.8050245366134037,30.93701992857514,975.8705272102002,Normal
2026-04-09 10:56:48,7.900211345671987,25.603469111212743,1026.860662922878,Critical
2026-04-09 10:56:33,1.2598502506883753,12.184273504822652,981.0526681250401,Normal
2026-04-09 10:56:18,4.37318331571419,23.03150009496041,1007.5949571411394,Warning
2026-04-09 10:56:03,0.0,18.254027237470467,1024.6103203783737,Warning
2026-04-09 10:55:48,1.4125287737575958,42.367541739982514,998.9916230588886,Warning
2026-04-09 10:55:33,5.927001589088775,23.592913500541307,1013.642227364234,Warning
2026-04-09 10:55:18,0.0,25.985638454275886,984.5071106833728,Normal
2026-04-09 10:55:03,6.031121394992322,29.41188300832374,994.1060024971571,Warning
2026-04-09 10:54:48,3.2693798386386885,25.34881957097963,993.8242170735898,Warning
2026-04-09 10:54:33,0.09383306026433091,38.560408323446026,977.6026496037929,Warning
2026-04-09 10:54:18,3.0810193476388026,20.018805106124383,994.6967751065265,Warning
2026-04-09 10:54:03,3.9313861240668246,26.55685964189794,953.5414510340876,Warning
2026-04-09 10:53:48,3.054524905542991,19.060235314415614,985.2653875857369,Warning
2026-04-09 10:53:33,0.0,14.439819910234354,991.4537351989098,Normal
2026-04-09 10:53:18,0.0,20.105847272757718,992.3146074251385,Normal
2026-04-09 10:53:03,0.8812034111212381,24.703705623612702,992.7550766238767,Normal
2026-04-09 10:52:48,1.3139164272498842,21.565582203861922,998.1470740041962,Normal
2026-04-09 10:52:33,3.051680243876695,19.46063216100915,1014.3832455425819,Warning
2026-04-09 10:52:18,1.9442525023331345,13.74946029062533,1026.2355122239758,Warning
2026-04-09 10:52:03,0.0,24.33515541897044,980.507043194552,Normal
2026-04-09 10:51:48,2.450494627514908,12.962237007751982,963.9039743383257,Warning
2026-04-09 10:51:33,3.026464363209558,31.08044770951682,968.7386676327069,Warning
2026-04-09 10:51:18,2.8994761198275993,25.659518023476025,985.3839123641521,Warning
2026-04-09 10:51:03,4.201951813886554,13.339588004280555,989.4423604655047,Warning
2026-04-09 10:50:48,3.58480538637226,22.526327383601092,976.9001180140763,Warning
2026-04-09 10:50:33,2.6479501980710918,18.982748755275335,961.1165000725032,Warning
2026-04-09 10:50:18,1.3245857213533825,27.553396083353444,986.3163751757744,Normal
2026-04-09 10:50:03,0.0,35.723603568185155,1005.4427986034192,Warning
2026-04-09 10:49:48,2.5740455478314646,9.998620242834043,1017.850883975067,Warning
2026-04-09 10:49:33,2.0192192179077777,25.92020863317934,983.2773084067503,Warning
2026-04-09 10:49:18,2.178947092988434,23.718937635466876,987.610065335697,Warning
2026-04-09 10:49:03,0.0,30.370720611603726,972.1990507345806,Normal
2026-04-09 10:48:48,0.0,26.705573025901515,999.0568248887568,Normal
2026-04-09 10:48:33,4.132882133332259,18.98424534608945,974.5471409742755,Critical
2026-04-09 10:48:18,1.4011121153583623,22.447568514667054,1017.1938343972361,Normal
2026-04-09 10:48:03,3.203751743431561,18.63179314557209,946.4240052419767,Warning
2026-04-09 10:47:48,1.5707959403261529,33.608057108788785,989.2111098264261,Normal
2026-04-09 10:47:33,1.574390348739363,25.170493189375538,1009.0332201757523,Normal
2026-04-09 10:47:18,3.845709514939994,40.20952548602406,1005.5150354896751,Warning
2026-04-09 10:47:03,0.20988817945656524,24.514713489483032,1080.7910099194148,Warning
2026-04-09 10:46:48,1.7403019423524584,19.332745864716298,1010.4940007370373,Normal
2026-04-09 10:46:33,0.3443117782373939,12.890284859097383,969.8783620947397,Warning
2026-04-09 10:46:18,0.413759431419211,10.57488258995244,997.1360725873278,Normal
2026-04-09 10:46:03,0.7270696913284016,12.326912455956082,946.7126099960064,Warning
2026-04-09 10:45:48,2.055334429084282,27.13701320809187,997.5820075210971,Warning
2026-04-09 10:45:33,0.3031284458413066,29.06980018583947,975.0083182899773,Normal
2026-04-09 10:45:18,4.639390313933802,12.350474383742933,1027.4617082668049,Critical
2026-04-09 10:45:03,0.0,32.160306512608926,983.5137917621339,Normal
2026-04-09 10:44:48,1.0328208895966025,21.135511586532484,996.4970225261426,Normal
2026-04-09 10:44:33,0.4006723543145627,26.174344095884393,980.9332647578678,Normal
2026-04-09 10:44:18,5.117444710884332,37.897765026043395,1052.1655405556,Critical
2026-04-09 10:44:03,1.9913869412789365,32.174714526924255,990.3627170164626,Normal
2026-04-09 10:43:48,4.0796113486715875,22.851754816753342,1054.976711304376,Critical
2026-04-09 10:43:33,0.0,17.8704621966777,1024.424552863548,Warning
2026-04-09 10:43:18,2.167625664673147,7.7854767893655605,1014.4620018200616,Warning
2026-04-09 10:43:03,3.7240769890585925,19.24677344606064,1011.0619944195256,Warning
2026-04-09 10:42:48,1.7057099731885605,23.310958089378445,1011.8139189464875,Normal
2026-04-09 10:42:33,4.1637009376633785,17.10256378279053,942.1698226196318,Critical
2026-04-09 10:42:18,0.20677887474906953,23.949944263261564,991.6334981754773,Normal
2026-04-09 10:42:03,5.02336860046395,25.614815063670147,1025.3547391355296,Critical
2026-04-09 10:41:48,7.247245309048125,23.20115214553537,998.5330844957768,Warning
2026-04-09 10:41:33,0.5929035989008523,19.799979353412322,957.8443045958927,Warning
2026-04-09 10:41:18,0.38624369649807044,26.34923737573382,998.4278664826759,Normal
2026-04-09 10:41:03,5.133461192794252,28.535525196555273,1051.1231654876647,Critical
2026-04-09 10:40:48,5.448930364326781,16.27680738045723,1037.4067514660417,Critical
2026-04-09 10:40:33,0.19284993211682933,36.28745903797016,998.1398797190191,Warning
2026-04-09 10:40:18,0.4495329572603568,24.211294941725907,1028.5434783117425,Warning
2026-04-09 10:40:03,0.795538477848732,25.15079698355878,989.0047893889584,Normal
2026-04-09 10:39:48,0.0,30.665715386052458,948.8838523951985,Warning
2026-04-09 10:39:33,0.0,26.865729050108012,972.2660203561134,Normal
2026-04-09 10:39:18,0.0,32.62509307130596,1046.886663055246,Warning
2026-04-09 10:39:03,0.0,27.296993321614593,991.7802075451209,Normal
2026-04-09 10:38:48,1.4132877815330471,20.1005010028765,992.6984806187495,Normal
2026-04-09 10:38:33,2.085536831341302,27.892028201648813,991.0048541117536,Warning
2026-04-09 10:38:18,5.376251232035193,15.850190341434706,1057.1240976871902,Critical
2026-04-09 10:38:03,0.0,25.868477646212185,1048.778767460862,Warning
2026-04-09 10:37:48,3.9608059961914592,24.734160074844315,1066.563407003444,Warning
2026-04-09 10:37:33,0.9650278894362276,23.335065141819683,995.2286436879984,Normal
2026-04-09 10:37:18,1.3763407258689175,23.971699908488553,1008.8687346624129,Normal
2026-04-09 10:37:03,3.1870487304165094,9.945207636018887,954.5007235173763,Warning
2026-04-09 10:36:48,0.0,20.610200738072308,1044.3080327835482,Warning
2026-04-09 10:36:33,2.4560243654601264,25.742759209128916,964.966613461962,Warning
2026-04-09 10:36:18,1.9161305205326402,26.278851135979203,1006.5032669128789,Normal
2026-04-09 10:36:03,2.731128160020373,16.778598872592333,967.0809241710147,Warning
2026-04-09 10:35:48,2.2229216097695454,35.125662726917604,982.3339951978392,Warning
2026-04-09 10:35:33,7.638250349777236,18.070601214283993,974.882127068509,Critical
2026-04-09 10:35:18,0.0,32.755657604213894,981.7637421797255,Normal
2026-04-09 10:35:03,0.17250761249545588,28.417554894973478,983.8263189055307,Normal
2026-04-09 10:34:48,0.0,19.830181521249575,983.5519361522477,Normal
2026-04-09 10:34:33,0.11130720209936329,39.202487140876094,1025.0000173534092,Warning
2026-04-09 10:34:18,0.0,15.45090534594816,966.8541162081244,Warning
2026-04-09 10:34:03,4.472541327768879,32.353233388880014,1006.616242810416,Warning
2026-04-09 10:33:48,5.051260619974637,33.004658544343826,1036.5387745691667,Critical
2026-04-09 10:33:33,0.07313426562630942,19.63503832738684,984.6041090645981,Normal
2026-04-09 10:33:18,0.0,36.13972240051463,978.4624332775719,Warning
2026-04-09 10:33:03,2.67853889096601,22.999627883208376,993.0842612445924,Warning
2026-04-09 10:32:48,0.11944238929757178,27.309549034238856,1035.3917562508213,Warning
2026-04-09 10:32:33,3.082329544388777,27.082574710169766,1005.8232289286008,Warning
2026-04-09 10:32:18,2.0073075521282493,23.925530068235616,984.0635711617721,Warning
2026-04-09 10:32:03,0.0,31.486466185278257,1014.5162995356412,Normal
2026-04-09 10:31:48,5.368763003325154,31.347909764417704,966.9312355049072,Critical
2026-04-09 10:31:33,5.989694182738805,11.011744214094554,1020.4407853132884,Critical
2026-04-09 10:31:18,0.0,35.434721943025224,1012.258219231053,Warning
2026-04-09 10:31:03,0.5307461001600396,11.700064095714605,990.7657458658334,Normal
2026-04-09 10:30:48,2.2146634768122624,33.26036963473326,974.8424260465831,Warning
2026-04-09 10:30:33,2.3361419749675623,34.01364109462067,973.3995723314963,Warning
2026-04-09 10:30:18,3.146360681682076,16.272268558278412,1016.0445200903773,Warning
2026-04-09 10:30:03,6.525511346915874,21.71348569636332,1036.869415074672,Critical
2026-04-09 10:29:48,1.0576319312648765,16.154362652112514,980.8807675891362,Normal
2026-04-09 10:29:33,0.0,23.280631757690117,1013.7516011065445,Normal
2026-04-09 10:29:18,0.0,22.53572572651407,937.3891894419379,Warning
2026-04-09 10:29:03,0.0,31.23728425815472,982.461468080284,Normal
2026-04-09 10:28:48,1.4171825678155072,35.48246996895686,999.068232013873,Warning
2026-04-09 10:28:33,5.986394658794469,36.16547048631965,972.709497490545,Critical
2026-04-09 10:28:18,0.20597175240957144,20.502655787373584,971.9048087563121,Normal
2026-04-09 10:28:03,2.059469879097246,23.32622501004378,979.9666133059334,Warning
2026-04-09 10:27:48,1.4589427598181197,11.532494462232398,1008.7657818497912,Normal
2026-04-09 10:27:33,4.47098318362021,18.55303946803049,994.3801294478087,Warning
2026-04-09 10:27:18,7.817331064684054,32.71881306477966,932.8530630002508,Critical
2026-04-09 10:27:03,0.17282806769919845,37.92466258838586,936.3789954209481,Warning
2026-04-09 10:26:48,0.2764013937044447,15.125209024960624,981.7940446642847,Normal
2026-04-09 10:26:33,4.11040219267268,20.260285926776845,1013.7305975816066,Warning
2026-04-09 10:26:18,3.2047287240657782,24.788753944328583,917.5748547182429,Warning
2026-04-09 10:26:03,6.116768314340084,27.241289270556855,985.0080947154511,Warning
2026-04-09 10:25:48,2.9598204633149097,18.52317184062683,984.2125643044774,Warning
2026-04-09 10:25:33,0.6017697730323511,28.392488355712718,1041.6501333462534,Warning
2026-04-09 10:25:18,2.976637076730773,21.209285223432673,988.4493456486141,Warning
2026-04-09 10:25:03,4.27175895145727,24.884381832973766,1011.4896695422278,Warning
2026-04-09 10:24:48,3.5512054529934103,29.370273984029595,1004.2377142026239,Warning
2026-04-09 10:24:33,2.768185077768244,25.051378158487502,936.083005605784,Warning
2026-04-09 10:24:18,4.166686723972885,21.508912875787452,1023.0462164989522,Critical
2026-04-09 10:24:03,4.423238976114182,24.123121568593355,1006.4618951636886,Warning
2026-04-09 10:23:48,4.955397477593818,24.29309632635732,1015.2480591902377,Warning
2026-04-09 10:23:33,3.1217747189741067,22.039911760942978,1117.7871311930899,Warning
2026-04-09 10:23:18,1.082204799207864,22.92963149866318,937.4766118150424,Warning
2026-04-09 10:23:03,1.866784216083307,37.789177364037734,1051.7408994928333,Warning
2026-04-09 10:22:48,4.516272416270892,29.48735558352991,991.3765744179893,Warning
2026-04-09 10:22:33,0.0,22.636157455766718,1008.6198671320902,Normal
2026-04-09 10:22:18,2.421683272182253,30.575635236085887,998.6346326409628,Warning
2026-04-09 10:22:03,0.5166529691815983,22.32944408195192,987.2729099980587,Normal
2026-04-09 10:21:48,1.5718620573370436,34.38499710069313,982.9050121528372,Normal
2026-04-09 10:21:33,4.696129656518247,27.95713753758475,1009.8852620671903,Warning
2026-04-09 10:21:18,1.9777476700497583,24.14158284796617,954.4847890998496,Warning
2026-04-09 10:21:03,1.616091370390372,28.58173540648222,1022.517375025653,Warning
2026-04-09 10:20:48,0.0,12.432990783452006,987.5141678534424,Normal
2026-04-09 10:20:33,3.365633915068052,15.985860248721558,966.0979198287893,Warning
2026-04-09 10:20:18,3.1137104528526884,15.448599948807557,986.4996142601256,Warning
2026-04-09 10:20:03,6.9081368082636505,26.143544758109655,1037.7144765058772,Critical
2026-04-09 10:19:48,0.7305544126174979,38.86011999588074,983.9399473895133,Warning
2026-04-09 10:19:33,2.0478758191598474,42.85040116954106,1010.7536085462887,Warning
2026-04-09 10:19:18,2.1234592092768882,30.104408811526056,978.0713117285358,Warning
2026-04-09 10:19:03,5.443633199408686,29.006755799555656,1022.7376554977086,Critical
2026-04-09 10:18:48,1.2617611690326198,10.591538126778088,1020.5652321637061,Warning
2026-04-09 10:18:33,2.197553814425848,20.658609602127825,1055.4582649988924,Warning
2026-04-09 10:18:18,3.019741274291348,18.69772998473409,994.7330816350235,Warning
2026-04-09 10:18:03,1.9665228078908954,20.03321921399107,1020.0596441427372,Warning
2026-04-09 10:17:48,0.3839159636236793,23.654849451321684,1002.9420261861684,Normal
2026-04-09 10:17:33,1.9852249822457688,21.223275378422983,1038.8761534558905,Warning
2026-04-09 10:17:18,4.18407937464943,9.165601516993698,978.4350283717381,Critical
2026-04-09 10:17:03,0.0,30.98328204894027,1022.3501593863184,Warning
2026-04-09 10:16:48,1.83242418536719,16.418055794081546,994.1590811164996,Normal
2026-04-09 10:16:33,0.0,26.913974912889195,998.0743546867451,Normal
2026-04-09 10:16:18,4.487616572312106,41.59266135799979,1002.7525745334511,Critical
2026-04-09 10:16:03,0.0,17.644923267308613,1007.5672118928003,Normal
2026-04-09 10:15:48,0.10269538182102922,5.0,996.5131287063413,Normal
2026-04-09 10:15:33,2.4430296876613022,22.711966224959113,1006.4413954951158,Warning
2026-04-09 10:15:18,5.413810073085851,33.807677079988565,1047.3435417268656,Critical
2026-04-09 10:15:03,1.3356243473175304,40.66677963376475,1029.5634905684565,Warning
2026-04-09 10:14:48,0.11200118326700403,15.163603244380665,1026.074637774907,Warning
2026-04-09 10:14:33,6.202892673601475,28.973593785892174,986.3338142192839,Warning
2026-04-09 10:14:18,0.0,21.277516345759572,973.3227751531502,Normal
2026-04-09 10:14:03,0.0,24.152413165566916,1028.6590167471327,Warning
2026-04-09 10:13:48,2.600036125133331,46.15474677613628,1026.2814037758938,Critical
2026-04-09 10:13:33,0.244864439118472,12.976237372838774,1044.1801202725294,Warning
2026-04-09 10:13:18,0.0,27.029917291956586,981.8805812209231,Normal
2026-04-09 10:13:03,3.2708911182483833,28.741545374123465,993.1135403391896,Warning
2026-04-09 10:12:48,2.109501784427997,33.68629059951478,950.815475124237,Warning
2026-04-09 10:12:33,0.08980342315817902,25.783865227767162,988.2258668181738,Normal
2026-04-09 10:12:18,0.0,27.46440431603282,1029.8971153173834,Warning
2026-04-09 10:12:03,3.681143320700362,21.86681146062567,986.005138623154,Warning
2026-04-09 10:11:48,3.1255029448966525,27.153015529960857,1019.2143938560247,Warning
2026-04-09 10:11:33,1.2520603405515427,22.254461796020717,994.2849068200657,Normal
2026-04-09 10:11:18,6.116592490119165,29.972575118848408,1009.7217108466468,Warning
2026-04-09 10:11:03,0.0,22.043117311650928,965.56925830553,Warning
2026-04-09 10:10:48,0.0,28.01680315121749,1002.556283489017,Normal
2026-04-09 10:10:33,0.0,24.765897490520175,910.2659208729783,Warning
2026-04-09 10:10:18,1.3860349591112555,34.00840200617735,994.3931152551404,Normal
2026-04-09 10:10:03,2.1083486233067297,24.58885021129211,951.0858026885458,Warning
2026-04-09 10:09:48,0.8969098553591753,10.815740254344949,1036.1798354964044,Warning
2026-04-09 10:09:33,2.380138491285742,35.09537200571194,1023.3222205829353,Warning
2026-04-09 10:09:18,0.0,17.75414159309905,1014.0001294589824,Normal
2026-04-09 10:09:03,5.109411510183149,19.769869290809442,1045.6301868147814,Critical
2026-04-09 10:08:48,1.294622054018578,20.234709647652064,971.5325043752549,Normal
2026-04-09 10:08:33,4.293239578970319,35.99550474536654,1052.4208959374666,Critical
2026-04-09 10:08:18,2.3568133659442605,7.914606288170436,1027.9657469278116,Warning
2026-04-09 10:08:03,2.64188304788446,50.0,992.9033413834317,Warning
2026-04-09 10:07:48,2.9244182005805097,33.44845447252841,1034.0686044154884,Warning
2026-04-09 10:07:33,2.6192714000432873,26.785911313033278,966.8111946276509,Warning
2026-04-09 10:07:18,3.10680689966886,24.560847995069707,975.2645751541698,Warning
2026-04-09 10:07:03,4.822881325331078,27.284432598861255,981.742308302809,Warning
2026-04-09 10:06:48,1.9913029242536753,29.168979427034706,984.1306687580795,Normal
2026-04-09 10:06:33,3.272509393971281,30.161724687600454,968.3032707171924,Warning
2026-04-09 10:06:18,1.275660764281933,29.444835728027588,1036.6924920128597,Warning
2026-04-09 10:06:03,5.100293038623682,25.71664545004199,992.2343679889051,Warning
2026-04-09 10:05:48,0.0,23.42129263754139,1010.5751490507064,Normal
2026-04-09 10:05:33,6.002351082277039,23.789813730771908,982.8894590075896,Warning
2026-04-09 10:05:18,1.3996051233891416,23.440733757178553,945.3819009835445,Warning
2026-04-09 10:05:03,0.0,34.07016077493652,1008.1017207517426,Normal
2026-04-09 10:04:48,1.8202610372769732,29.748453778246894,942.6323507374067,Warning
2026-04-09 10:04:33,0.0,5.0,997.9409786174359,Normal
2026-04-09 10:04:18,3.60160887247181,30.247206212238087,958.9505488350156,Warning
2026-04-09 10:04:03,0.0,26.557889557750197,1059.6182799769242,Warning
2026-04-09 10:03:48,0.3845414169630508,24.850329948432822,1027.3408816652416,Warning
2026-04-09 10:03:33,0.0,21.891852375288913,1003.1726137381444,Normal
2026-04-09 10:03:18,0.36923420187730827,33.992901759888106,1037.91120032964,Warning
2026-04-09 10:03:03,0.0,32.580211696982865,974.6105206760279,Normal
2026-04-09 10:02:48,0.0,18.816978657411127,1016.3043813601028,Normal
2026-04-09 10:02:33,3.4010366403607435,28.25641829699628,1005.9943130115614,Warning
2026-04-09 10:02:18,3.4645003966270806,17.226746123669713,1007.92060244001,Warning
2026-04-09 10:02:03,2.563643904462412,13.963054681688556,1038.170605003203,Warning
2026-04-09 10:01:48,0.0,19.98626220328028,1021.974763083394,Warning
2026-04-09 10:01:33,1.3807216096450503,31.89914777906207,1008.6617098847507,Normal
2026-04-09 10:01:18,1.490993652273579,32.625000363008695,950.3533769131511,Warning
2026-04-09 10:01:03,0.0,29.104683360778346,971.1986111416161,Normal
2026-04-09 10:00:48,5.2584957544178765,30.800766294783976,996.3187319921283,Warning
2026-04-09 10:00:33,3.6934057264391784,29.129426296919668,1002.8011712282995,Warning
2026-04-09 10:00:18,0.9475895654258402,19.86814723821638,966.0938882597823,Warning
2026-04-09 10:00:03,1.567214597486327,28.455380357391526,1072.3503002673526,Warning
2026-04-09 09:59:48,2.0209570198688813,31.40327620182146,1045.4918216576073,Warning
2026-04-09 09:59:33,0.0,31.034330638508592,1018.0635496117745,Normal
2026-04-09 09:59:18,0.8820565436985077,34.51130697179714,1002.1611058385123,Normal
2026-04-09 09:59:03,0.0,30.66643077760851,993.6337309029655,Normal
2026-04-09 09:58:48,0.0,27.811585660332664,971.442446199333,Normal
2026-04-09 09:58:33,0.7972492677851127,33.56120190653142,1002.3244155555659,Normal
2026-04-09 09:58:18,5.994216317123806,24.787829926007518,1007.7325762042825,Warning
2026-04-09 09:58:03,3.1021071531675246,17.945002790178258,962.7471827355513,Warning
2026-04-09 09:57:48,0.072052525543008,23.695464288449887,1010.0252925173469,Normal
2026-04-09 09:57:33,2.9314569533903967,19.04077884154841,995.3422285352575,Warning
