created_at,field1,field2,field3
2026-04-08T19:09:52.858576,36.7790531380617,102.81871261258168,1313.0153639126315
2026-04-08T19:10:07.858576,12.528770085145446,103.20613631918928,3917.479138134848
2026-04-08T19:10:22.858576,15.344049767607643,98.2494228538097,2492.587316779685
2026-04-08T19:10:37.858576,25.06449398216607,97.48638976739886,3637.700052555877
2026-04-08T19:10:52.858576,-6.374260870769712,97.1639741311395,1560.994131795655
2026-04-08T19:11:07.858576,47.08808538722694,102.53137611423269,3959.009927176182
2026-04-08T19:11:22.858576,1.6255419120491297,90.54698075319988,2708.792641223333
2026-04-08T19:11:37.858576,18.281880881617028,109.23293220370516,3221.4666907604724
2026-04-08T19:11:52.858576,31.10174005333984,90.4784362603862,1403.4727372779284
2026-04-08T19:12:07.858576,15.596184513978692,93.44009255984184,3203.2651797864723
2026-04-08T19:12:22.858576,12.758280696218236,108.18944930980108,4806.067218868647
2026-04-08T19:12:37.858576,49.40684978563617,96.15562900744898,4058.286433600268
2026-04-08T19:12:52.858576,43.75548861674361,97.4065674683385,968.5692433348796
2026-04-08T19:13:07.858576,25.827540185187782,104.9764885962478,2940.543415681824
2026-04-08T19:13:22.858576,27.538407202814227,105.67698879588656,2208.5623386803704
2026-04-08T19:13:37.858576,-15.534559872434084,99.60043230380772,546.399437894652
2026-04-08T19:13:52.858576,4.155030554866031,102.8234945661734,4884.450575692053
2026-04-08T19:14:07.858576,-3.620153370571348,99.90586705132915,2753.8280730107654
2026-04-08T19:14:22.858576,-5.332752028355824,99.66312444783846,3607.7160452249664
2026-04-08T19:14:37.858576,43.21720391251817,105.4502670312694,3043.1204201198047
2026-04-08T19:14:52.858576,27.45592592337645,99.30396567464322,3408.155138300455
2026-04-08T19:15:07.858576,7.159127404056001,101.04639633059436,3799.80196868214
2026-04-08T19:15:22.858576,27.3529594566842,104.61265762949314,4372.440154268586
2026-04-08T19:15:37.858576,30.305615455488077,99.49917373488528,4101.0697451713895
2026-04-08T19:15:52.858576,22.806834933933864,99.85497817648168,2043.5615606926772
2026-04-08T19:16:07.858576,22.64685527374818,104.24248288311536,4800.960389956794
2026-04-08T19:16:22.858576,3.6176013637042246,94.08117676756444,945.0469111306128
2026-04-08T19:16:37.858576,43.77791997859761,100.43363167368136,1956.555387974672
2026-04-08T19:16:52.858576,43.9153284869441,97.1799006206698,2463.206354905512
2026-04-08T19:17:07.858576,47.36962065141124,104.87366209835784,2463.1472562300787
2026-04-08T19:17:22.858576,-6.496788752949932,98.82759015986024,4045.87570203542
2026-04-08T19:17:37.858576,32.359127886552265,107.5824910228868,4820.403749580238
2026-04-08T19:17:52.858576,46.81333712373765,94.80236811473031,2542.5302759745555
2026-04-08T19:18:07.858576,8.019705826988414,93.89669571599045,3706.089765574685
2026-04-08T19:18:22.858576,22.937751501048687,103.02101498081711,3379.2696457735137
2026-04-08T19:18:37.858576,29.6450323258395,106.50996640381824,2012.5892754446772
2026-04-08T19:18:52.858576,49.92866926562888,102.05987824005732,834.1148195406201
2026-04-08T19:19:07.858576,-17.70619731846401,102.0057616394564,3023.8974286514467
2026-04-08T19:19:22.858576,24.98339473918308,103.87171494464496,1791.0463425286475
2026-04-08T19:19:37.858576,-2.842138492158416,102.5064961333751,712.9922573033332
2026-04-08T19:19:52.858576,41.612049356641336,105.02220781526448,2249.5820785276496
2026-04-08T19:20:07.858576,22.364878645828128,99.66690712198336,1722.71478208926
2026-04-08T19:20:22.858576,14.23167014171117,92.59600351867786,3889.6447423023246
2026-04-08T19:20:37.858576,25.06856373806649,91.03928375329508,2957.2068244869824
2026-04-08T19:20:52.858576,27.33213847776944,96.57105839533229,852.466558455556
2026-04-08T19:21:07.858576,-1.0686291719714802,105.89411853457126,2248.0378208678867
2026-04-08T19:21:22.858576,41.37434316816987,102.1495438590356,2481.508384065597
2026-04-08T19:21:37.858576,39.98720328946359,96.3372373806968,903.648336269716
2026-04-08T19:21:52.858576,10.06260644559356,94.4789687387314,2392.255648467627
2026-04-08T19:22:07.858576,25.326910671615927,97.19240469805652,4194.960132487079
2026-04-08T19:22:22.858576,-18.580631124116596,90.94092703722252,1810.243289764259
2026-04-08T19:22:37.858576,45.96597267183681,98.69362758817738,2366.8474570935955
2026-04-08T19:22:52.858576,2.000355152566346,96.5130823291992,3205.132898589178
2026-04-08T19:23:07.858576,-1.6234287110710106,106.7727734685676,1134.7236985272066
2026-04-08T19:23:22.858576,49.73221118879252,102.19466545759984,4239.808978312498
2026-04-08T19:23:37.858576,-1.3355802882212018,92.07240511517298,3726.288275767528
2026-04-08T19:23:52.858576,12.10067171524024,106.30200714499767,2636.5192368755584
2026-04-08T19:24:07.858576,-16.075846397845545,101.71186420037355,4678.038276391335
2026-04-08T19:24:22.858576,37.4120016304971,96.03140364672484,4623.942140530838
2026-04-08T19:24:37.858576,48.22283813902611,99.76663768083596,1852.15081674208
2026-04-08T19:24:52.858576,-16.35675770121156,91.89750540722991,1005.8424170806342
2026-04-08T19:25:07.858576,38.10542541824167,105.7388465571922,949.2362402077767
2026-04-08T19:25:22.858576,30.394970036970143,107.26553140455866,1348.071840665723
2026-04-08T19:25:37.858576,9.66288754365934,105.4932052478893,2599.08732461344
2026-04-08T19:25:52.858576,10.581051885757478,106.95079158603085,2836.79741243142
2026-04-08T19:26:07.858576,-19.19626875180553,96.00878300430068,2649.249742710735
2026-04-08T19:26:22.858576,-16.51577527567229,94.8986425681638,1013.9749568152356
2026-04-08T19:26:37.858576,-3.3518476118707774,96.18129027430912,1598.7996300109503
2026-04-08T19:26:52.858576,23.33129798735704,106.62086127744902,4174.120964175587
2026-04-08T19:27:07.858576,46.46724147720478,93.28252419858218,571.0075998286129
2026-04-08T19:27:22.858576,1.1872570947123862,107.44845818279435,2897.640916463984
2026-04-08T19:27:37.858576,23.55192422307569,97.05845980090308,4560.935774860935
2026-04-08T19:27:52.858576,11.243680108786757,102.27397029706796,3472.636514161078
2026-04-08T19:28:07.858576,16.62211284223389,103.2440079409088,3042.273455691482
2026-04-08T19:28:22.858576,27.70929446132235,100.01443493975016,1771.7517865374236
2026-04-08T19:28:37.858576,9.511860074236685,105.62803391934278,3859.323483252756
2026-04-08T19:28:52.858576,48.52287174696136,106.68874711584206,2718.533551704538
2026-04-08T19:29:07.858576,41.82176239838273,91.09643010087558,970.4156778457252
2026-04-08T19:29:22.858576,18.22525343525698,93.74283205471788,3286.096399970061
2026-04-08T19:29:37.858576,20.81765219437901,92.3484723248328,4029.635559346385
2026-04-08T19:29:52.858576,46.33448516344309,106.24155997985412,3547.6458384596567
2026-04-08T19:30:07.858576,18.714616313249472,105.56446140101735,4125.753755301802
2026-04-08T19:30:22.858576,4.4775521549031545,105.7205607540072,2598.613628046106
2026-04-08T19:30:37.858576,9.627909911274738,98.12226690744616,4820.965618813824
2026-04-08T19:30:52.858576,-4.00443063872364,103.227714943144,4861.875294742018
2026-04-08T19:31:07.858576,-5.2259386158298256,109.9285306414236,3126.64481890396
2026-04-08T19:31:22.858576,48.491990734484574,95.79975967076318,3424.108747320927
2026-04-08T19:31:37.858576,4.368698978705872,99.28723364508949,4119.97364993411
2026-04-08T19:31:52.858576,8.134725135423832,93.62709493364898,580.8476419017594
2026-04-08T19:32:07.858576,41.67170332931458,108.65524920204363,1592.9598634094662
2026-04-08T19:32:22.858576,-2.326395682242669,108.20552301200706,4979.538856547698
2026-04-08T19:32:37.858576,14.010367726764288,102.31960823462276,4403.447498932655
2026-04-08T19:32:52.858576,14.405774704513377,107.16469844722243,587.9481689812266
2026-04-08T19:33:07.858576,34.3288446707632,97.73669931845596,4035.299005033746
2026-04-08T19:33:22.858576,38.80126767822046,94.90583953265832,4337.508795557244
2026-04-08T19:33:37.858576,-5.394899944108081,92.74446483734545,679.2500008674858
2026-04-08T19:33:52.858576,43.38659500870901,105.31054606253004,2343.4073502101887
2026-04-08T19:34:07.858576,-8.325005326839529,103.76268335901952,3132.7130612575443
2026-04-08T19:34:22.858576,32.67014264941611,99.6727208085622,3163.97086195268
2026-04-08T19:34:37.858576,29.690133367200232,101.14246251627794,4924.09748987685
2026-04-08T19:34:52.858576,5.207496330586359,97.57061297952023,865.1437731731719
2026-04-08T19:35:07.858576,-15.76340887127294,109.10111677233088,3106.815221067073
2026-04-08T19:35:22.858576,33.54803046630019,101.0147439690789,2163.571053560738
2026-04-08T19:35:37.858576,20.136527060353004,106.28230145738898,2565.525824574052
2026-04-08T19:35:52.858576,31.45174318051612,101.5132006975676,4862.307701409117
2026-04-08T19:36:07.858576,28.676395656994167,99.59106028821591,2657.890239287562
2026-04-08T19:36:22.858576,-2.946201976163948,92.6602041901114,1558.7711913010646
2026-04-08T19:36:37.858576,25.436232949927607,103.30179142130493,3005.359553704274
2026-04-08T19:36:52.858576,10.948199405663878,106.40861492457856,1985.344953478495
2026-04-08T19:37:07.858576,48.09333977696616,93.96154316594426,3965.925529787072
2026-04-08T19:37:22.858576,28.4909435184153,99.8474846484824,2961.054464893004
2026-04-08T19:37:37.858576,15.49820051234522,92.4006078567176,2807.9242984236635
2026-04-08T19:37:52.858576,-12.75547487703238,107.17925442094987,4356.040471494924
2026-04-08T19:38:07.858576,-19.031544155225728,104.1175940436438,1365.1887927575156
2026-04-08T19:38:22.858576,22.601564944657504,104.61563343949048,2317.3492658094183
2026-04-08T19:38:37.858576,22.46544949880192,98.52189667849268,3937.970620768879
2026-04-08T19:38:52.858576,25.08068605519486,108.33903322862844,3959.202609982493
2026-04-08T19:39:07.858576,48.84311191920944,97.96829003412137,1782.1342681492188
2026-04-08T19:39:22.858576,19.85951513078332,91.39709884778128,544.2284129696249
2026-04-08T19:39:37.858576,-14.448466561255106,94.04053255952476,2669.12192954658
2026-04-08T19:39:52.858576,37.73298173803751,105.29035409682396,3699.4981048065447
2026-04-08T19:40:07.858576,46.27679892807397,108.4589502717306,3039.9261382158684
2026-04-08T19:40:22.858576,5.420292563304457,102.59783302756236,1241.1705798384262
2026-04-08T19:40:37.858576,27.646150915515182,98.14829123769866,4122.888834954068
2026-04-08T19:40:52.858576,2.7027175052470973,95.67215110112588,3343.8780643920304
2026-04-08T19:41:07.858576,18.38479422070101,109.04660218721536,4478.149601389465
2026-04-08T19:41:22.858576,-10.545840203312869,91.65145723583468,1919.5156222965409
2026-04-08T19:41:37.858576,-2.2427791550374714,107.5930582480667,2521.231023438078
2026-04-08T19:41:52.858576,23.214050721994752,97.59408076430309,4918.017110761693
2026-04-08T19:42:07.858576,15.488221520739302,103.30164089085984,2436.465736185729
2026-04-08T19:42:22.858576,-16.185760112222624,102.325756661868,4958.311942997933
2026-04-08T19:42:37.858576,3.113905062204765,103.8445217998497,725.8375284183578
2026-04-08T19:42:52.858576,25.40791242157352,101.8241239471701,1307.1505399506718
2026-04-08T19:43:07.858576,-3.22701063897534,103.91858777885383,2624.110920090232
2026-04-08T19:43:22.858576,41.32600455924212,99.58627752214883,3177.950331394125
2026-04-08T19:43:37.858576,39.58999545575123,91.2637173180302,3833.5916416214727
2026-04-08T19:43:52.858576,12.860930719997723,94.26259849487262,3334.084452692188
2026-04-08T19:44:07.858576,3.6182930846577968,93.66527766549144,2093.771491620628
2026-04-08T19:44:22.858576,-1.5591969486625068,107.63132025806688,1878.6365616320456
2026-04-08T19:44:37.858576,-14.507101549932964,97.59537929370572,640.773134695595
2026-04-08T19:44:52.858576,46.185111891072026,103.13193141803322,3621.8802798435577
2026-04-08T19:45:07.858576,42.98464924045431,97.45103436569036,3618.5724268538
2026-04-08T19:45:22.858576,-12.027205858479755,95.97169247054408,2156.1748507345355
2026-04-08T19:45:37.858576,-8.644215149978509,107.2988760055803,3836.087379348349
2026-04-08T19:45:52.858576,46.44959182362105,98.54331355916308,2708.05639962478
2026-04-08T19:46:07.858576,1.8403790882323603,92.70702884661723,3124.2315179715174
2026-04-08T19:46:22.858576,4.31610300991365,100.46290873542782,2591.1671318369786
2026-04-08T19:46:37.858576,17.60029178640613,99.07686497379666,3190.087241378322
2026-04-08T19:46:52.858576,37.89398643323293,98.80710318691082,4527.34618450247
2026-04-08T19:47:07.858576,-19.163051408387755,107.82129980618258,572.2971352251112
2026-04-08T19:47:22.858576,-15.623526632712183,100.6452516871955,3119.725151279651
2026-04-08T19:47:37.858576,-2.994647717783792,105.84615424959156,693.5421374915821
2026-04-08T19:47:52.858576,-11.98904376694692,94.01840758671354,3783.4983620876255
2026-04-08T19:48:07.858576,13.973881875382368,97.22556770992595,646.0472790428764
2026-04-08T19:48:22.858576,46.195188988703975,97.12108105328842,2723.3295874193213
2026-04-08T19:48:37.858576,-12.0766348093109,95.76362101884332,824.503612325271
2026-04-08T19:48:52.858576,26.40700817959619,101.0501176387472,3766.530992092177
2026-04-08T19:49:07.858576,32.057663291017505,95.72652327279545,2962.968352253352
2026-04-08T19:49:22.858576,-3.041190496802038,103.50229446918866,598.0723235309447
2026-04-08T19:49:37.858576,0.0057478745062553,97.45605663264249,4141.97079692653
2026-04-08T19:49:52.858576,-0.7347182636713327,101.82552168900268,2871.854676777055
2026-04-08T19:50:07.858576,20.15209888893935,90.65254351599064,3849.9458851901504
2026-04-08T19:50:22.858576,11.73190624100056,94.11184029181344,3005.950445261437
2026-04-08T19:50:37.858576,-13.022623736429452,105.1467832610644,2784.984759482122
2026-04-08T19:50:52.858576,9.106644899321438,94.36191210666694,3926.3526189581407
2026-04-08T19:51:07.858576,10.24647390182412,96.1001813265726,4042.3666022983766
2026-04-08T19:51:22.858576,37.5213922488082,98.55812423765582,3704.9872660207184
2026-04-08T19:51:37.858576,41.71028880478497,99.48021567417774,1052.7971371323497
2026-04-08T19:51:52.858576,30.64318611583504,94.34894434340364,4285.661807455803
2026-04-08T19:52:07.858576,-6.95224351118417,96.58763106934155,4187.641691418894
2026-04-08T19:52:22.858576,14.325524533994836,99.49462259503224,2912.4919154393665
2026-04-08T19:52:37.858576,49.10110153207489,94.62263998397556,3433.375959894617
2026-04-08T19:52:52.858576,-1.9612287885420765,106.97910876498338,1823.4650334094745
2026-04-08T19:53:07.858576,-9.435504833416818,101.47327746880124,1595.834039670473
2026-04-08T19:53:22.858576,35.78891718337655,107.87731675542696,3354.481725215169
2026-04-08T19:53:37.858576,23.108778423074117,108.81835865551498,4725.017072056858
2026-04-08T19:53:52.858576,23.954135471318907,94.0186265299234,4031.3313792382783
2026-04-08T19:54:07.858576,4.86999474325626,105.36933514070591,999.7998109600636
2026-04-08T19:54:22.858576,27.21792664006523,104.74372340060413,1766.6685481919665
2026-04-08T19:54:37.858576,29.783437654570427,109.79999724598824,2650.5496508141287
2026-04-08T19:54:52.858576,13.050224273446377,97.742307809038,4599.749369729999
2026-04-08T19:55:07.858576,32.07903282729983,107.46400551351438,2042.985373157347
2026-04-08T19:55:22.858576,49.01060547462484,95.1393612399704,4623.31743717365
2026-04-08T19:55:37.858576,46.10944775361986,96.88609111732352,2984.9390164392894
2026-04-08T19:55:52.858576,34.68077597571784,94.46047492420556,4560.342535722399
2026-04-08T19:56:07.858576,7.081250701840968,109.63051247983236,1708.7562983192902
2026-04-08T19:56:22.858576,-17.63100150233056,109.23883417666686,620.144833068086
2026-04-08T19:56:37.858576,-16.662893027328042,104.12023621153524,4707.172789816747
2026-04-08T19:56:52.858576,16.07794980373962,108.45762697121071,1948.191140237152
2026-04-08T19:57:07.858576,26.316941328601217,109.08399505260957,1209.9633900185936
2026-04-08T19:57:22.858576,-19.560657315118387,92.91123966246202,3972.308653993157
2026-04-08T19:57:37.858576,46.7102331331663,100.44558679552884,3427.5937400691646
2026-04-08T19:57:52.858576,37.30103623022824,105.46367589650528,2401.9612022867523
2026-04-08T19:58:07.858576,10.646855514225,93.36542937614642,1417.2402800254877
2026-04-08T19:58:22.858576,34.15883797596297,98.38182857864304,4754.460718251077
2026-04-08T19:58:37.858576,5.461958854098612,104.20235573823,3954.0871658261526
2026-04-08T19:58:52.858576,44.51107423769946,99.54856632609012,2024.0728388223936
2026-04-08T19:59:07.858576,31.00858135183689,99.2060649489574,3826.881490822088
2026-04-08T19:59:22.858576,33.9251260055682,100.89644999439544,1445.3595919914535
2026-04-08T19:59:37.858576,8.742725505580168,94.37246387839936,1848.701800976033
2026-04-08T19:59:52.858576,-16.16750783439071,108.65318470278665,3826.6397703652847
2026-04-08T20:00:07.858576,11.16383037580772,108.8607604019349,3944.075367903971
2026-04-08T20:00:22.858576,9.027039917747796,107.47486302958944,1386.3831041845938
2026-04-08T20:00:37.858576,9.714420662240832,103.54787358930464,2073.7008201109184
2026-04-08T20:00:52.858576,13.157896173499957,101.1210045381696,3248.9971075759117
2026-04-08T20:01:07.858576,-6.152277080118081,101.4588884318519,1820.6450585365349
2026-04-08T20:01:22.858576,28.978152481303177,96.38189993810364,848.9575564140434
2026-04-08T20:01:37.858576,46.06208258099265,105.07261040471806,3833.599491453464
2026-04-08T20:01:52.858576,8.820724956181753,103.30878086867688,2457.893835761281
2026-04-08T20:02:07.858576,42.94606629096354,99.15013801122312,4963.173075437512
2026-04-08T20:02:22.858576,-5.284586100883375,108.20602383164844,3056.780499824108
2026-04-08T20:02:37.858576,43.56067530091054,97.05426335584252,4818.367086584541
2026-04-08T20:02:52.858576,26.559472119400283,105.04105347452378,2445.68585968215
2026-04-08T20:03:07.858576,-3.528089870346463,90.54563553325497,3965.6594049369073
2026-04-08T20:03:22.858576,34.984038983445174,108.54555259936066,2330.605671493732
2026-04-08T20:03:37.858576,20.517294073710342,94.36370031895407,3823.641933078438
2026-04-08T20:03:52.858576,11.896597047080238,104.98914743419024,677.7823295984742
2026-04-08T20:04:07.858576,-2.8649532022049584,109.0791658637728,2466.227657720099
2026-04-08T20:04:22.858576,42.82452400706312,101.25136605705757,4602.367772068344
2026-04-08T20:04:37.858576,27.3025180927318,99.7732482344046,3647.331156305997
2026-04-08T20:04:52.858576,-4.360991065075883,92.45027972420876,1826.1019240164464
2026-04-08T20:05:07.858576,43.43758056227216,94.96725894571571,1964.5394914208268
2026-04-08T20:05:22.858576,40.73925278693682,104.80427584606048,2327.345893785636
2026-04-08T20:05:37.858576,0.503459466212032,90.96600536853076,3331.204559572068
2026-04-08T20:05:52.858576,-18.85562747434524,109.38809754746312,4207.659773511948
2026-04-08T20:06:07.858576,35.47899545001062,93.43801681476346,4933.41782990988
2026-04-08T20:06:22.858576,27.735921863849576,108.17818545425544,3169.639323245945
2026-04-08T20:06:37.858576,42.44681271019565,97.53491508934896,4213.754678309249
2026-04-08T20:06:52.858576,4.452584947058487,91.81626877467288,3349.645602445766
2026-04-08T20:07:07.858576,17.87069613785951,95.21525179023452,3987.617468189312
2026-04-08T20:07:22.858576,10.447844520056822,96.59775155420591,2991.696087638102
2026-04-08T20:07:37.858576,14.283489858263811,91.2458397855322,3845.594958356749
2026-04-08T20:07:52.858576,-9.284989382055397,99.18154695094672,3276.5768186301325
2026-04-08T20:08:07.858576,-5.666455320960361,103.8987122985472,4008.851624607972
2026-04-08T20:08:22.858576,7.617070698507689,91.27885167006713,4638.663857980944
2026-04-08T20:08:37.858576,1.868770941259097,91.82289690126674,2805.6505423578674
2026-04-08T20:08:52.858576,21.062473648220333,96.1531101181478,3726.871052521239
2026-04-08T20:09:07.858576,-2.4948004593812634,109.99495970087168,2817.164408016787
2026-04-08T20:09:22.858576,36.88552355470672,90.88425823553234,2969.108212129064
2026-04-08T20:09:37.858576,20.40362277050644,97.0610087991571,834.6729619132125
2026-04-08T20:09:52.858576,24.58142231554715,107.92403065321552,4476.604275142839
2026-04-08T20:10:07.858576,-16.587869546971003,105.75956605539604,1159.612152129946
2026-04-08T20:10:22.858576,16.146722579780416,92.2772747564639,3063.3601327183064
2026-04-08T20:10:37.858576,22.089117177893726,94.37350635788953,3448.7912138803845
2026-04-08T20:10:52.858576,7.862864606812,108.06211517829088,4871.602739931028
2026-04-08T20:11:07.858576,3.7857920994022223,100.2098625516237,4797.965874612643
2026-04-08T20:11:22.858576,10.013622580615747,104.03171508724915,3058.656322613968
2026-04-08T20:11:37.858576,14.781070583094674,108.7952225823928,851.7883225635871
2026-04-08T20:11:52.858576,7.532504192867922,100.63964868344895,2491.6383827701347
2026-04-08T20:12:07.858576,38.638225062267615,90.32246365604637,1442.0196241408566
2026-04-08T20:12:22.858576,-0.5037172992243413,105.37818924181272,1993.4948006266468
2026-04-08T20:12:37.858576,12.563140260759596,98.1808510760723,2954.1838737208955
2026-04-08T20:12:52.858576,27.166015333894272,103.0666643391194,4631.949969916152
2026-04-08T20:13:07.858576,31.599375154040324,92.8187844811818,1974.4098428625475
2026-04-08T20:13:22.858576,2.3144800189063943,104.66487853192314,3380.121993124122
2026-04-08T20:13:37.858576,49.40794189595152,98.64706717750738,2657.102228333564
2026-04-08T20:13:52.858576,4.544596857044894,107.88945029941512,1542.2579072318254
2026-04-08T20:14:07.858576,19.662108449153717,103.12967504602776,4637.200513711759
2026-04-08T20:14:22.858576,45.532414427985,93.47622159664998,2516.762303776608
2026-04-08T20:14:37.858576,14.15686687647242,91.84603026290355,3301.637218779351
2026-04-08T20:14:52.858576,5.733367691221751,90.04952905285637,3601.4439939796807
2026-04-08T20:15:07.858576,1.5730202546033034,103.95369609389692,3207.744622273187
2026-04-08T20:15:22.858576,40.90217889854876,103.8770336736484,2476.5137202671795
2026-04-08T20:15:37.858576,31.6192701081584,104.5087608742743,4764.438170977735
2026-04-08T20:15:52.858576,17.241510814004933,103.61266145654253,2693.622226756493
2026-04-08T20:16:07.858576,-13.44983900478646,91.15784767700806,3750.0688564961647
2026-04-08T20:16:22.858576,13.679958945954866,108.31946733657378,2097.737989032119
2026-04-08T20:16:37.858576,-16.538911662970644,108.50215621846772,2991.99476251894
2026-04-08T20:16:52.858576,41.27106267736872,109.6996280278453,793.3693018799702
2026-04-08T20:17:07.858576,-1.1310141523314918,106.76347571958529,2096.3277075876777
2026-04-08T20:17:22.858576,26.729718047970984,91.616753574584,4521.6249347460425
2026-04-08T20:17:37.858576,-1.9008930839626397,90.63017547870066,2256.665356914661
2026-04-08T20:17:52.858576,18.48433209332166,106.353494765309,4901.829227131441
2026-04-08T20:18:07.858576,-5.387621744884429,94.238353720575,1887.3411994990129
2026-04-08T20:18:22.858576,4.6917994347524825,97.76417095198472,4484.601387749702
2026-04-08T20:18:37.858576,31.77090737782789,92.67829336481658,1581.6561722614372
2026-04-08T20:18:52.858576,25.209016201484538,90.23876800167896,1369.096625152133
2026-04-08T20:19:07.858576,37.33435022548997,109.30127832802046,3254.428321114809
2026-04-08T20:19:22.858576,3.616758882031366,106.80716789256616,4167.156867760195
2026-04-08T20:19:37.858576,-19.703822631241767,100.44656594142332,4571.4651618309945
2026-04-08T20:19:52.858576,-12.969818904275158,100.08259810889808,1363.0434948854445
2026-04-08T20:20:07.858576,12.652256692489196,108.4592600019954,4710.799913428817
2026-04-08T20:20:22.858576,-7.444138657117199,96.10058939860374,2780.961558739625
2026-04-08T20:20:37.858576,-17.652742410573335,98.69076128194487,1019.1063632694896
2026-04-08T20:20:52.858576,12.618022200132508,108.12841751437728,1083.1256764308146
2026-04-08T20:21:07.858576,-1.005084477202029,99.98025103334368,1502.997549322868
2026-04-08T20:21:22.858576,26.830968182783717,93.27824600941078,3166.5150341433405
2026-04-08T20:21:37.858576,28.66792632681971,96.62679409889029,3545.6618708706383
2026-04-08T20:21:52.858576,9.497560123285323,102.62494974530368,1343.6409781127566
2026-04-08T20:22:07.858576,22.895068790214975,92.7511455576492,2567.456917671949
2026-04-08T20:22:22.858576,28.55872319312663,106.74046428784445,891.9810338621728
2026-04-08T20:22:37.858576,-1.1832141068243196,102.46258797829164,4704.9628990381925
2026-04-08T20:22:52.858576,3.9427568735409855,101.45803231633,1245.1774568067349
2026-04-08T20:23:07.858576,29.23791347451468,95.25852350319248,2725.551174430525
2026-04-08T20:23:22.858576,40.03372031180708,90.63834769955812,3811.378186710938
2026-04-08T20:23:37.858576,38.01822111711144,103.75976784182131,3245.7040416684026
2026-04-08T20:23:52.858576,32.2154820258153,90.1565806272934,4834.548677334711
2026-04-08T20:24:07.858576,44.599629122128746,101.38367903775088,3255.8050372887205
2026-04-08T20:24:22.858576,45.78908093050549,101.75637296634363,908.1007291188176
2026-04-08T20:24:37.858576,19.046502043896915,106.3525262120544,3890.517196788647
2026-04-08T20:24:52.858576,11.626555645214276,108.85087396510283,1208.2855978398304
2026-04-08T20:25:07.858576,-10.958076039266874,98.65117829703738,1185.008988946439
2026-04-08T20:25:22.858576,44.95635322881856,96.63151750188226,3528.022560112177
2026-04-08T20:25:37.858576,14.41168711306922,101.09034951133944,1570.401927716859
2026-04-08T20:25:52.858576,48.51022288438786,91.37615555815457,3351.3754224595746
2026-04-08T20:26:07.858576,45.15785019063631,97.60008977849029,854.2186582764036
2026-04-08T20:26:22.858576,47.38204417960931,103.578319952769,4983.156478948558
2026-04-08T20:26:37.858576,3.0147124139043555,108.68369853307514,2179.9958375395536
2026-04-08T20:26:52.858576,-2.77804000289904,101.59078187818872,3315.5941002289305
2026-04-08T20:27:07.858576,27.3960658675844,95.98152325128824,1424.361233033267
2026-04-08T20:27:22.858576,31.617852637997565,99.31797230900312,886.1905362317275
2026-04-08T20:27:37.858576,41.10664928873782,102.120242763218,2887.346610862656
2026-04-08T20:27:52.858576,-0.3416173648776244,109.19013465758212,3367.259195895171
2026-04-08T20:28:07.858576,44.32891902472939,96.10463011412835,2641.273385526748
2026-04-08T20:28:22.858576,0.351735465860564,98.3553991174289,785.6424709334866
2026-04-08T20:28:37.858576,-15.90352302160292,92.64792037486502,2965.2137070028407
2026-04-08T20:28:52.858576,45.58042379692398,105.72942086054157,2442.0323170434367
2026-04-08T20:29:07.858576,-2.680957172449069,103.3546993579372,3668.366493686612
2026-04-08T20:29:22.858576,15.257348232020403,107.19741599077484,661.368354137722
2026-04-08T20:29:37.858576,25.794491515230227,91.09801858688292,1718.2378844662442
2026-04-08T20:29:52.858576,-3.8926984776499545,96.77584986527248,2093.0714642826806
2026-04-08T20:30:07.858576,30.846759800727348,92.76753757790176,1454.7111881763662
2026-04-08T20:30:22.858576,20.515136864000556,99.04145045066647,3970.935136749477
2026-04-08T20:30:37.858576,-14.219444741166182,91.13854651524798,1576.793904012667
2026-04-08T20:30:52.858576,24.470176102064123,93.3310495371464,2250.839386818085
2026-04-08T20:31:07.858576,1.9831216084975267,102.09485628823326,1936.5746745697504
2026-04-08T20:31:22.858576,25.394841700366435,105.76954230813335,1444.7066986068005
2026-04-08T20:31:37.858576,13.963186643874836,90.18958494898074,4411.595237768755
2026-04-08T20:31:52.858576,7.274121939266834,90.33583293058152,1807.6446998042447
2026-04-08T20:32:07.858576,47.594833096994606,98.5270895626889,790.8410164929053
2026-04-08T20:32:22.858576,-16.0155597360123,92.21224882874856,2680.3423885005377
2026-04-08T20:32:37.858576,30.46067626369608,91.64577549782838,4255.150429702639
2026-04-08T20:32:52.858576,46.10838666607701,94.69475079061571,4507.806850924877
2026-04-08T20:33:07.858576,13.980211137309176,91.85213840927425,638.1341889025565
2026-04-08T20:33:22.858576,37.51046685052385,107.55037823720896,1578.5261795370254
2026-04-08T20:33:37.858576,22.538411122612903,92.53500755707265,2677.1993989294983
2026-04-08T20:33:52.858576,12.851116834551624,91.17801349698112,576.4317857641157
2026-04-08T20:34:07.858576,15.996340917157411,105.6472722912023,4514.112882724228
2026-04-08T20:34:22.858576,19.484895555987457,94.57156442252544,1187.579130752721
2026-04-08T20:34:37.858576,32.8725937900313,101.6614119082544,782.5471653656118
2026-04-08T20:34:52.858576,-14.223169944751138,106.52106827962554,3022.939314872195
2026-04-08T20:35:07.858576,14.660618073066502,95.73072308359946,1748.4783131783029
2026-04-08T20:35:22.858576,35.00687811050438,91.4673236148167,3554.6042752348862
2026-04-08T20:35:37.858576,18.93605487322268,93.63396341307812,2735.386779152568
2026-04-08T20:35:52.858576,2.695613859047576,94.5427660883735,2600.0711073217167
2026-04-08T20:36:07.858576,26.436391125364597,108.01516889272688,1772.6640802658524
2026-04-08T20:36:22.858576,46.118179352191575,91.22814204120436,4969.376761997605
2026-04-08T20:36:37.858576,-3.371177242492429,97.94201189849008,679.6542986094687
2026-04-08T20:36:52.858576,36.42634707187072,94.24207756435771,3220.892123140882
2026-04-08T20:37:07.858576,5.211287766329924,97.65129730396546,4459.905479460764
2026-04-08T20:37:22.858576,49.95923853136833,94.43208394322386,1306.714295018291
2026-04-08T20:37:37.858576,2.6118728656423507,109.6035556801382,3030.487307373079
2026-04-08T20:37:52.858576,25.20449330744475,94.25964380404233,3130.788377819404
2026-04-08T20:38:07.858576,-11.655021359748726,90.84898047624466,3435.113724265816
2026-04-08T20:38:22.858576,23.27295500413049,91.50169141365596,1513.6934571035465
2026-04-08T20:38:37.858576,10.288156490951458,107.39015828379308,1049.9287669002906
2026-04-08T20:38:52.858576,-19.125606374839183,107.29680745046412,954.0947180283108
2026-04-08T20:39:07.858576,-1.2338689115893828,100.27493155980676,3126.3626411595096
2026-04-08T20:39:22.858576,-15.715981349712568,93.0302818554918,580.5465811862371
2026-04-08T20:39:37.858576,-8.891822008013534,91.373691660419,4597.481130156615
2026-04-08T20:39:52.858576,13.965155741613168,107.29586492677625,1210.1830247759908
2026-04-08T20:40:07.858576,28.735685654731213,103.68298631408842,3432.018142521341
2026-04-08T20:40:22.858576,34.29184593191492,107.61693140751076,3010.4711300173794
2026-04-08T20:40:37.858576,19.0402653611574,100.3416738979644,657.1433952295098
2026-04-08T20:40:52.858576,36.29921548057835,103.2608051554598,984.5048228780324
2026-04-08T20:41:07.858576,20.620712570466083,94.31974768355732,2939.1283803272
2026-04-08T20:41:22.858576,-17.354214853085878,107.91190225592456,4858.22388339902
2026-04-08T20:41:37.858576,0.1768269306359151,90.02091346410494,1525.8225093313804
2026-04-08T20:41:52.858576,31.73008320642209,92.74566947609225,2558.8297904406795
2026-04-08T20:42:07.858576,-15.243044633642787,109.81868037855588,3838.710823684342
2026-04-08T20:42:22.858576,26.99424411773318,101.69816270473794,3753.5170102536094
2026-04-08T20:42:37.858576,19.666061541829706,100.6841297285179,4790.469988940349
2026-04-08T20:42:52.858576,-15.574229465822128,94.4443982928732,3151.9831262491944
2026-04-08T20:43:07.858576,-18.92398586225098,93.04408095277184,1970.6946334512904
2026-04-08T20:43:22.858576,-17.730096446106007,96.7206752897872,3463.0120284509817
2026-04-08T20:43:37.858576,3.0953855225991447,95.2963155548294,3430.2724183482387
2026-04-08T20:43:52.858576,9.08060608880112,101.38567823835449,2523.316834118755
2026-04-08T20:44:07.858576,33.5736099701293,93.0631583135918,3581.7414232450337
2026-04-08T20:44:22.858576,4.424417603069276,99.30774084776648,3111.113462142039
2026-04-08T20:44:37.858576,29.987043392946063,104.69425186332458,2789.082329002321
2026-04-08T20:44:52.858576,46.53515733378436,91.65938749666071,1677.9378173745158
2026-04-08T20:45:07.858576,-18.025892502454344,97.6618906441078,2359.491200328218
2026-04-08T20:45:22.858576,16.454686312685027,93.30043395432196,4556.725169196816
2026-04-08T20:45:37.858576,3.011897773638225,97.92110092740153,3789.681362220369
2026-04-08T20:45:52.858576,43.95290933950409,105.93848945179067,3887.1447178902
2026-04-08T20:46:07.858576,40.25125861587619,100.32103230283508,765.4362254171931
2026-04-08T20:46:22.858576,18.310363539825936,94.00187870922434,888.6009027047119
2026-04-08T20:46:37.858576,45.38301831914592,107.5541233049837,843.8951971766933
2026-04-08T20:46:52.858576,5.995022230980087,98.1869395064426,3587.1610091136768
2026-04-08T20:47:07.858576,16.387171508005885,94.0411478509481,4224.966034094693
2026-04-08T20:47:22.858576,-11.729673565241937,95.6971425216062,2611.948059095113
2026-04-08T20:47:37.858576,47.45087638487264,101.80130046114157,4474.373003231451
2026-04-08T20:47:52.858576,13.559233262073754,92.91401401864265,4654.444618009567
2026-04-08T20:48:07.858576,34.96539658557635,107.76446103051543,1194.9612141163104
2026-04-08T20:48:22.858576,21.15910810956736,95.03369008848892,4091.766290379159
2026-04-08T20:48:37.858576,-16.411635065633885,105.38368593988643,4747.575878617778
2026-04-08T20:48:52.858576,21.9477073147783,100.01682749898684,3340.1645797026918
2026-04-08T20:49:07.858576,-13.502611427374042,94.85422953401478,521.3797945869476
2026-04-08T20:49:22.858576,27.699849366496373,92.65236187924056,1206.0275155144502
2026-04-08T20:49:37.858576,35.826201896638366,107.2123644559639,1920.2615048568105
2026-04-08T20:49:52.858576,47.79436753473243,102.65927279032366,3464.6459709072583
2026-04-08T20:50:07.858576,32.23233642078462,92.06406150596196,4975.863343631627
2026-04-08T20:50:22.858576,18.162184887137485,95.8501922921757,822.9829592519595
2026-04-08T20:50:37.858576,31.787812950374374,90.3172466431592,4651.763012012189
2026-04-08T20:50:52.858576,-6.542805722334515,106.58287017803788,2990.864198274016
2026-04-08T20:51:07.858576,0.9733069438824842,95.64367711222611,4228.131337630408
2026-04-08T20:51:22.858576,-4.282938493120884,90.62393285806176,4131.258135937038
2026-04-08T20:51:37.858576,1.392880503377043,105.69081314692934,4285.572806801292
2026-04-08T20:51:52.858576,17.680792116594873,104.2815884700043,1047.4794821594671
2026-04-08T20:52:07.858576,-16.691071658223375,98.10483459232688,3067.1803290771845
2026-04-08T20:52:22.858576,45.04041948534328,102.35076704029552,3151.8423238357204
2026-04-08T20:52:37.858576,46.553989610314446,94.42811327335856,2442.4903752711243
2026-04-08T20:52:52.858576,-6.878426063877267,97.79733593418804,2473.2890065062647
2026-04-08T20:53:07.858576,24.1330629209899,97.59096143015836,2593.937118357488
2026-04-08T20:53:22.858576,10.516712945612513,105.35730228234536,1174.578538203069
2026-04-08T20:53:37.858576,37.7499662184009,98.63886573731187,4070.96916146408
2026-04-08T20:53:52.858576,-1.77613073446026,108.81107363512496,599.7836393648612
2026-04-08T20:54:07.858576,32.963977003139185,107.7316242590849,2682.3865602037117
2026-04-08T20:54:22.858576,5.616305006484552,95.33870306072936,2990.5198633568807
2026-04-08T20:54:37.858576,-17.320076800815734,91.55220425307095,611.1529266466803
2026-04-08T20:54:52.858576,30.647058564969456,103.85446361840566,2794.169593718494
2026-04-08T20:55:07.858576,-18.435144495920348,99.6334814593526,2254.919989167829
2026-04-08T20:55:22.858576,3.245174820717967,100.26695584471636,1535.723901298721
2026-04-08T20:55:37.858576,7.512036845023864,98.79868557408344,1798.5206702243113
2026-04-08T20:55:52.858576,43.64976380036248,96.713928440939,680.6354257499686
2026-04-08T20:56:07.858576,-6.06727277720902,97.91912406674092,4991.446136880888
2026-04-08T20:56:22.858576,0.8291024188207388,106.83342398102948,622.0470448198791
2026-04-08T20:56:37.858576,48.60903923688045,95.54339450934194,1589.5533299258452
2026-04-08T20:56:52.858576,10.280946946415462,102.05433557964815,552.4755246523721
2026-04-08T20:57:07.858576,32.79156844271679,105.21623983410625,4443.31675830862
2026-04-08T20:57:22.858576,34.372004236213606,92.6439912456217,2476.532970816685
2026-04-08T20:57:37.858576,46.69144401051361,107.23783792852176,4239.094388334919
2026-04-08T20:57:52.858576,12.2436334190877,90.00379779377943,4142.444029549092
2026-04-08T20:58:07.858576,-15.332653576926486,108.68746636548984,1992.5242975259712
2026-04-08T20:58:22.858576,32.01293770708606,94.94090112617069,4038.1459905056136
2026-04-08T20:58:37.858576,-8.705452181046338,105.84525790622328,4216.750640949531
2026-04-08T20:58:52.858576,26.46867745757069,93.82300398214184,1870.343516745164
2026-04-08T20:59:07.858576,-5.62718306991729,98.76820582451528,1496.309201086232
2026-04-08T20:59:22.858576,45.77870044536263,93.83215861865246,3137.012734530801
2026-04-08T20:59:37.858576,26.9287804105579,106.80720462491902,4698.528742816709
2026-04-08T20:59:52.858576,36.99556630687553,94.80027077143352,3883.5488198594057
2026-04-08T21:00:07.858576,33.93812700194505,92.75110226497986,4665.5649958015865
2026-04-08T21:00:22.858576,31.93622530851286,98.05339490324684,4537.136367712225
2026-04-08T21:00:37.858576,23.895164196069928,101.03433551314068,2769.466513741048
2026-04-08T21:00:52.858576,-17.83924302134197,94.377866987387,4752.6091365292
2026-04-08T21:01:07.858576,33.42559037755258,90.93120404179668,1636.5092284738505
2026-04-08T21:01:22.858576,17.031126568281117,95.72495276134228,3752.58134578326
2026-04-08T21:01:37.858576,34.91784818229693,99.9036495918783,2101.432562074684
2026-04-08T21:01:52.858576,24.06051105586404,96.81721850523144,2458.9873286223155
2026-04-08T21:02:07.858576,-1.497714837274593,107.77179014250196,2302.394011338419
2026-04-08T21:02:22.858576,-7.274497434849659,97.35126137230966,4506.180781721903
2026-04-08T21:02:37.858576,16.121107021544105,91.1239833943515,2929.25252636391
2026-04-08T21:02:52.858576,-1.3105989265483269,91.48154422933813,2205.6093434570357
2026-04-08T21:03:07.858576,-12.173068736060271,108.58735506665504,4621.001597267024
2026-04-08T21:03:22.858576,25.474285022500275,109.274661568012,3555.011973874917
2026-04-08T21:03:37.858576,-1.7341531158992645,92.70981020307542,2642.453739729921
2026-04-08T21:03:52.858576,45.62112991804277,94.1316349443424,581.3757049213983
2026-04-08T21:04:07.858576,3.908657132604017,95.09918289653288,4405.21596822528
2026-04-08T21:04:22.858576,49.48090380574257,105.37754803625369,3744.783252158052
2026-04-08T21:04:37.858576,26.13724349909031,109.476158764172,1884.6751797441
2026-04-08T21:04:52.858576,35.96897450058694,106.99396261416068,4365.702709178857
2026-04-08T21:05:07.858576,4.210803335097818,108.72223128474096,3541.199200616785
2026-04-08T21:05:22.858576,-11.383298547978873,102.5164743446744,4745.496002783107
2026-04-08T21:05:37.858576,16.150457014948124,103.65146707665184,3897.461463389569
2026-04-08T21:05:52.858576,28.392166842242357,98.08104669755132,2365.80344191054
2026-04-08T21:06:07.858576,-13.50524900804342,92.92957508548515,2338.210973372132
2026-04-08T21:06:22.858576,44.14324008824201,99.41807591331914,2482.916114394846
2026-04-08T21:06:37.858576,48.43679845067368,97.961649268515,4974.62817513069
2026-04-08T21:06:52.858576,-10.121690541389151,102.06467137758683,521.6803297819154
2026-04-08T21:07:07.858576,16.106188194429635,102.76947212649728,4868.06693717427
2026-04-08T21:07:22.858576,-19.327583761540936,99.6488735137405,1110.7686753705634
2026-04-08T21:07:37.858576,49.89388272569245,101.23368240402424,3133.15218333888
2026-04-08T21:07:52.858576,13.820981252344843,93.59139743695115,2069.675473463948
2026-04-08T21:08:07.858576,38.36359611884509,93.99209054026628,3896.403520669649
2026-04-08T21:08:22.858576,40.54810408392313,93.71708153339787,3379.4540524200875
2026-04-08T21:08:37.858576,1.459282329302923,97.0225075349646,3022.531976084859
2026-04-08T21:08:52.858576,-2.095255817612017,93.32930036534952,1598.0986938339793
2026-04-08T21:09:07.858576,39.39117251923527,95.22868149408446,4295.163449844749
2026-04-08T21:09:22.858576,20.19627464648974,104.08252527084689,772.1496255832612
2026-04-08T21:09:37.858576,18.76153909405088,107.70666328796489,631.8711149520992
2026-04-08T21:09:52.858576,13.843571102469838,105.67637433777548,2564.5276304659064
2026-04-08T21:10:07.858576,13.550047775315576,109.96679718065296,1836.4136900305607
2026-04-08T21:10:22.858576,15.7382665886363,94.41199145533994,1338.037477915144
2026-04-08T21:10:37.858576,19.69981734283988,90.33495675607396,4770.450880813412
2026-04-08T21:10:52.858576,43.64807823519656,92.30952165009266,930.3947238974064
2026-04-08T21:11:07.858576,25.509590830717958,101.06572610754888,774.3386702884923
2026-04-08T21:11:22.858576,41.34230887455589,97.9461768212729,4814.66671796238
2026-04-08T21:11:37.858576,8.972891895094143,100.24913761535028,4009.305628985331
2026-04-08T21:11:52.858576,-4.573901724287756,109.02218656159135,1242.0908054573088
2026-04-08T21:12:07.858576,17.149285835148447,97.34575552722512,2824.098171897131
2026-04-08T21:12:22.858576,30.87911123954824,107.4719253800979,2689.8587009020225
2026-04-08T21:12:37.858576,43.539005103813054,90.71138883479932,4113.157674842987
2026-04-08T21:12:52.858576,14.594870487149905,106.16797496741135,2550.6179972827936
2026-04-08T21:13:07.858576,28.60069504818337,107.73964398093284,3972.7218203315215
2026-04-08T21:13:22.858576,5.946470429168539,109.0320543794886,2888.454276298869
2026-04-08T21:13:37.858576,0.7794733834964696,107.18108941367232,3568.088971387022
2026-04-08T21:13:52.858576,40.21953883541664,107.7265464741461,4299.055141259182
2026-04-08T21:14:07.858576,-16.153450460975908,96.66518273939757,4865.330119082032
2026-04-08T21:14:22.858576,9.352687116868392,102.07685549959449,2775.250127466832
2026-04-08T21:14:37.858576,21.706423778670818,98.17598862050215,793.8261716476624
2026-04-08T21:14:52.858576,49.40574829488678,105.17366970458542,2504.6360193906507
2026-04-08T21:15:07.858576,-15.695942878919356,93.71827626352209,594.1041460731892
2026-04-08T21:15:22.858576,4.6680383654159385,102.82081342911206,3717.32240673082
2026-04-08T21:15:37.858576,15.37048023479408,94.14793520754048,2934.7700060716115
2026-04-08T21:15:52.858576,-8.993683279889852,103.22570321172944,4360.113508557859
2026-04-08T21:16:07.858576,-1.7846663412212005,105.15259484811862,4071.532682295991
2026-04-08T21:16:22.858576,13.353749756174151,102.4077430062388,3463.6851957751383
2026-04-08T21:16:37.858576,32.173129914607024,101.71652378737578,4020.1639054143816
2026-04-08T21:16:52.858576,34.50317444197352,106.61543372758952,2341.9455749909544
2026-04-08T21:17:07.858576,10.040876648202444,95.38738343955796,3930.429511083045
2026-04-08T21:17:22.858576,16.974045988868568,92.24386745319862,4552.229043122395
2026-04-08T21:17:37.858576,-8.115993028116439,95.0410555296001,698.1261763176798
2026-04-08T21:17:52.858576,3.1601541297677684,99.52161979205128,4167.237791623744
2026-04-08T21:18:07.858576,-11.507597935099376,105.44673070543948,2017.2356812339317
2026-04-08T21:18:22.858576,-14.513997114630252,103.2556273102381,1117.9955644233146
2026-04-08T21:18:37.858576,28.02855218000224,104.42401993006364,1438.15784531588
2026-04-08T21:18:52.858576,18.93752216940957,104.166560172874,3407.5825006791583
2026-04-08T21:19:07.858576,-16.47013592345304,106.22684591330406,951.9459393130724
2026-04-08T21:19:22.858576,20.474657211328235,107.63905684024829,4813.078375085726
2026-04-08T21:19:37.858576,43.215911159611686,98.79998575697148,820.3599467006425
2026-04-08T21:19:52.858576,6.396854031122427,93.20519236185052,2851.156168696766
2026-04-08T21:20:07.858576,33.28219793122648,91.0116251438402,3127.0538702727013
2026-04-08T21:20:22.858576,28.70742232153765,105.09260716856946,3534.129521063345
2026-04-08T21:20:37.858576,35.92211969347587,101.39607883273268,1801.4865613902173
2026-04-08T21:20:52.858576,25.25122251472833,107.69539430189138,3415.8581817935096
2026-04-08T21:21:07.858576,9.418192189462122,104.9812434280134,1580.676138900767
2026-04-08T21:21:22.858576,1.2978086101500743,101.3535315646767,1874.678913492845
2026-04-08T21:21:37.858576,18.99042837488139,94.82371030128952,3863.036699297
2026-04-08T21:21:52.858576,48.297210567764495,104.8719906147337,1890.6709344758144
2026-04-08T21:22:07.858576,-16.636016789528462,92.36654234580207,2439.6172929900385
2026-04-08T21:22:22.858576,-16.70045125018258,90.71330732864888,4624.082699081813
2026-04-08T21:22:37.858576,-14.150995750995571,97.2201308882576,1514.732150027343
2026-04-08T21:22:52.858576,-3.436414546600957,90.0482189841057,738.4344208834741
2026-04-08T21:23:07.858576,48.91645870439439,93.1822371135929,4058.173519279016
2026-04-08T21:23:22.858576,42.396345905776776,95.22028105914822,2059.4643372786395
2026-04-08T21:23:37.858576,45.415201309670834,97.98597126559116,2957.4367348029896
2026-04-08T21:23:52.858576,49.33468045116129,90.67517831937856,3316.380561941795
2026-04-08T21:24:07.858576,-15.852710150125056,108.92398798498188,4051.54381418988
2026-04-08T21:24:22.858576,-19.781630237198165,100.3200512399971,1560.240449648532
2026-04-08T21:24:37.858576,7.301750796693291,99.65122833040016,4365.445630282265
2026-04-08T21:24:52.858576,25.04436273000824,103.44633754152991,4349.9607278004805
2026-04-08T21:25:07.858576,-16.942369824385196,94.145265241858,4502.710160649676
2026-04-08T21:25:22.858576,38.81523423828689,92.90212981594787,1667.7920474771124
2026-04-08T21:25:37.858576,44.73171549427093,99.83461503503324,1179.4252845624378
2026-04-08T21:25:52.858576,3.4996778132462865,90.03145450360181,2610.530589656598
2026-04-08T21:26:07.858576,7.661380075468703,96.38896471904415,3103.2043775907546
2026-04-08T21:26:22.858576,-1.8239375774161888,104.53608162472622,1830.680241865034
2026-04-08T21:26:37.858576,8.210698832591316,93.76859223567284,3103.217925038587
2026-04-08T21:26:52.858576,32.93214537814887,90.3957372081233,4799.675129993816
2026-04-08T21:27:07.858576,27.35633391837682,108.16580663546004,699.2212084711443
2026-04-08T21:27:22.858576,47.11970870532822,97.21427832649596,3091.894677201596
2026-04-08T21:27:37.858576,40.03980743975033,102.33687240559628,3161.640513418129
2026-04-08T21:27:52.858576,1.6852907921952287,90.7732148705977,1383.3126688529414
2026-04-08T21:28:07.858576,23.92134513113473,91.65944222656884,787.7521616782191
2026-04-08T21:28:22.858576,17.058446222512707,107.59722805724417,4097.152102186835
2026-04-08T21:28:37.858576,24.21720099256371,95.91150882699992,1420.6745272403314
2026-04-08T21:28:52.858576,14.46504765479581,103.35549057068005,2356.023388626389
2026-04-08T21:29:07.858576,21.048063920723926,91.02836255232592,3496.599963103107
2026-04-08T21:29:22.858576,43.41373833655687,98.50900071100106,4965.700221514013
2026-04-08T21:29:37.858576,38.28713304216187,92.7738929141866,1990.5416688299608
2026-04-08T21:29:52.858576,9.777593921530745,108.49636355967633,3446.477938704962
2026-04-08T21:30:07.858576,-18.7483241269018,106.5200696284166,1257.1625495139042
2026-04-08T21:30:22.858576,-6.391977681607893,90.16539319998272,3335.202139200405
2026-04-08T21:30:37.858576,-5.702479001099054,94.03021427662124,4387.560406892239
2026-04-08T21:30:52.858576,-14.467447323050386,106.03208589991613,4825.371058015599
2026-04-08T21:31:07.858576,-13.192080833599915,107.4155418614734,2300.0937107575783
2026-04-08T21:31:22.858576,-8.590041552107714,99.12444288755432,1925.692512353672
2026-04-08T21:31:37.858576,-17.181143350761307,90.94591384851654,1882.5930932529272
2026-04-08T21:31:52.858576,44.91715868122665,100.21146362475358,873.0625612227509
2026-04-08T21:32:07.858576,-15.63987357786388,105.3513089141786,3279.9293081997653
2026-04-08T21:32:22.858576,17.79113289897736,92.9020425263774,4217.255076958885
2026-04-08T21:32:37.858576,6.503813222158776,108.84689112289529,3713.778707844825
2026-04-08T21:32:52.858576,38.16608840562349,102.53281685792646,2799.349437290968
2026-04-08T21:33:07.858576,1.4046518529538083,99.78023318281984,1791.1859511712862
2026-04-08T21:33:22.858576,43.60517521075721,92.51125320662877,4229.824021666243
2026-04-08T21:33:37.858576,-17.325728484517626,103.7541125585192,3325.2364557333035
2026-04-08T21:33:52.858576,30.331567171383867,92.65982373237924,3672.292452449469
2026-04-08T21:34:07.858576,17.510392271979093,97.02925433340828,3795.543374743109
2026-04-08T21:34:22.858576,-0.4281501857931751,103.36668980006668,938.7625638377268
2026-04-08T21:34:37.858576,-6.390086582585955,105.48142415824884,1601.8712356699302
2026-04-08T21:34:52.858576,-18.257645822406836,108.11437161892988,4141.856485971392
2026-04-08T21:35:07.858576,-6.774497820352886,92.05749355622488,959.4733358261058
2026-04-08T21:35:22.858576,-18.464105457232005,95.68344243591623,2213.036768338565
2026-04-08T21:35:37.858576,-3.39519743168006,109.92718584476415,3255.467448117031
2026-04-08T21:35:52.858576,-4.152151411998361,91.21527506486918,969.8160174228274
2026-04-08T21:36:07.858576,-15.589461583633518,90.72711127863266,1132.0783215041988
2026-04-08T21:36:22.858576,1.6260335663852246,106.46285169178792,4902.659664887924
2026-04-08T21:36:37.858576,38.34342387370926,107.53192323514828,1414.4324668524828
2026-04-08T21:36:52.858576,-4.091850234781106,108.14845430836704,4573.639471639279
2026-04-08T21:37:07.858576,18.04373354821792,107.73889039460582,998.6670561382252
2026-04-08T21:37:22.858576,2.002405211090057,103.81701541662387,4800.362567225896
2026-04-08T21:37:37.858576,36.88324289271538,107.5076435788489,1560.925342791904
2026-04-08T21:37:52.858576,-18.815301260254653,108.31997488402412,700.6174726808424
2026-04-08T21:38:07.858576,-0.203423887345302,108.77114946678664,1859.401895629858
2026-04-08T21:38:22.858576,4.170626473443001,91.27131008524042,2858.1393732262
2026-04-08T21:38:37.858576,41.314264312634506,105.73379541473592,1361.6053449513674
2026-04-08T21:38:52.858576,32.84281970423713,103.31647936599856,4814.685908588366
2026-04-08T21:39:07.858576,49.80273563393419,99.74692309515864,2612.495517995338
2026-04-08T21:39:22.858576,35.84604369985847,103.85377017536608,4095.376542653372
2026-04-08T21:39:37.858576,30.790620990563237,96.10639933489676,3110.8791996410414
2026-04-08T21:39:52.858576,32.25344910433829,98.73417990785988,1491.6085292073544
2026-04-08T21:40:07.858576,-11.013754700560764,109.32638295979874,4878.563383486452
2026-04-08T21:40:22.858576,33.62499001978899,104.81618719976343,3426.869612281581
2026-04-08T21:40:37.858576,-19.650246037698945,98.14450808154096,4280.426489995471
2026-04-08T21:40:52.858576,18.822928428266515,102.55751233071162,1534.1060603230244
2026-04-08T21:41:07.858576,-2.2661993473049904,90.79956112166842,4366.948854242608
2026-04-08T21:41:22.858576,23.45828732645918,100.06209433732492,4104.602900949765
2026-04-08T21:41:37.858576,6.900338275981603,99.8788343059844,4056.659394044329
2026-04-08T21:41:52.858576,-11.695925112144408,90.94787604008172,1986.5792361236372
2026-04-08T21:42:07.858576,-17.65160122608842,90.83071118010048,3491.723204811696
2026-04-08T21:42:22.858576,-1.740829448038042,103.18591536262588,4066.04097107546
2026-04-08T21:42:37.858576,27.39999432076582,106.81514336568112,922.5936407517548
2026-04-08T21:42:52.858576,20.547481514424355,99.17878943370232,2212.351051123749
2026-04-08T21:43:07.858576,5.406116745494359,94.6539789706311,1708.4883059563049
2026-04-08T21:43:22.858576,12.030023551692864,106.41161976315684,3180.8403907163074
2026-04-08T21:43:37.858576,46.86971281866367,104.97657286464728,1958.0049651650825
2026-04-08T21:43:52.858576,-14.136671861877264,96.92984913861328,3614.051532579269
2026-04-08T21:44:07.858576,38.28195890548731,106.82479457521411,1279.7322164818588
2026-04-08T21:44:22.858576,-3.1976955298881933,97.47881681172478,2825.7296789188385
2026-04-08T21:44:37.858576,0.7410267864994786,107.8336544282449,3093.349726761081
2026-04-08T21:44:52.858576,11.27844557539946,107.8734520918317,3838.9715251209104
2026-04-08T21:45:07.858576,1.3710702838197868,109.7660086258858,4902.15896282028
2026-04-08T21:45:22.858576,18.26724716741681,102.71203644056288,2381.349460378222
2026-04-08T21:45:37.858576,6.757130040943498,108.11695993065612,4192.366469035553
2026-04-08T21:45:52.858576,4.074050858228304,102.63826277409665,3838.0279305115264
2026-04-08T21:46:07.858576,23.799629336911835,90.94364403848644,1022.4046313235756
2026-04-08T21:46:22.858576,28.11455474822018,97.4294399605482,622.813219854759
2026-04-08T21:46:37.858576,11.101441501225526,98.7011433770568,1602.9800023708606
2026-04-08T21:46:52.858576,27.29216464457093,96.3087135077022,4411.578418594694
2026-04-08T21:47:07.858576,3.686993837214949,105.09592288612178,1057.7944009363468
2026-04-08T21:47:22.858576,-15.522789686353192,104.25534170197888,1412.897504480376
2026-04-08T21:47:37.858576,20.300536074053262,104.17216965510246,4484.92603205567
2026-04-08T21:47:52.858576,33.610533014406215,102.83844400234162,2769.41588566892
2026-04-08T21:48:07.858576,3.126603967922996,107.10477020180107,2514.257921305069
2026-04-08T21:48:22.858576,16.363418715420693,94.36794628504472,4073.3492903835713
2026-04-08T21:48:37.858576,39.70030486106192,97.4900716784492,4761.9424384598215
2026-04-08T21:48:52.858576,-12.365125333342654,91.96131141093409,1739.4828684420163
2026-04-08T21:49:07.858576,20.80070345918371,106.02224700078176,2683.604363385677
2026-04-08T21:49:22.858576,27.127218652415188,109.78084488019176,1036.6807089157055
2026-04-08T21:49:37.858576,27.53441549276837,99.33197347780764,4173.769186361746
2026-04-08T21:49:52.858576,4.0767575762419135,94.3635996034399,2745.973970350947
2026-04-08T21:50:07.858576,-6.343894309908411,107.57967466144548,1498.1432181141236
2026-04-08T21:50:22.858576,-16.277647394144893,97.65907577345295,2551.461145541454
2026-04-08T21:50:37.858576,13.777650235221266,91.0689113530905,4839.333001175287
2026-04-08T21:50:52.858576,38.623983806649306,95.07543830103484,1853.189247794961
2026-04-08T21:51:07.858576,13.829494266706083,96.61444564312956,3144.479713878414
2026-04-08T21:51:22.858576,-15.798373384978628,106.34979461589444,884.3897751374402
2026-04-08T21:51:37.858576,-11.457763788955798,103.74801462016416,1917.9265224639685
2026-04-08T21:51:52.858576,10.319013590152672,107.57024386004012,4785.33714221129
2026-04-08T21:52:07.858576,8.068850207517478,100.99039830299093,1202.1153269238275
2026-04-08T21:52:22.858576,-6.76314072578163,98.26530141657932,2776.5904436488704
2026-04-08T21:52:37.858576,28.1663446866094,92.31809402986904,3971.719497206008
2026-04-08T21:52:52.858576,36.87527300092368,92.35044289546316,934.7010730916296
2026-04-08T21:53:07.858576,2.358654827989703,97.58854737578514,3324.6524146760307
2026-04-08T21:53:22.858576,27.912171701527768,92.6415485250052,2269.9490157211176
2026-04-08T21:53:37.858576,24.77025617137064,105.89490355093533,2005.6638227590915
2026-04-08T21:53:52.858576,35.26192252526697,94.01314160476277,920.2294944016046
2026-04-08T21:54:07.858576,-4.704036567458648,94.12583639437932,3446.939142501996
2026-04-08T21:54:22.858576,26.58766953215,94.4834595319758,2460.8573860476363
2026-04-08T21:54:37.858576,30.520250903391087,104.53794513492215,2404.696861757948
2026-04-08T21:54:52.858576,18.19228509586555,95.85469035634662,3030.64852076162
2026-04-08T21:55:07.858576,27.212899405615808,108.30208861170776,735.6587823689871
2026-04-08T21:55:22.858576,22.68493315916055,101.27867017507874,1728.0339659502022
2026-04-08T21:55:37.858576,-6.813520406075153,90.75731377504528,4426.528014475137
2026-04-08T21:55:52.858576,-18.39757777867886,96.20065636411128,4860.140929909346
2026-04-08T21:56:07.858576,49.4600946008118,103.56548624675328,575.6620784779403
2026-04-08T21:56:22.858576,8.660391162837126,101.9905589892438,2256.565807700332
2026-04-08T21:56:37.858576,11.181989981165628,106.2484728947368,3433.288608984163
2026-04-08T21:56:52.858576,-5.151232512782645,98.38890024503422,3710.15759653698
2026-04-08T21:57:07.858576,9.983331554643048,109.2648493115826,4681.752040294117
2026-04-08T21:57:22.858576,15.043587471164244,95.83880258968242,2337.140596980181
2026-04-08T21:57:37.858576,30.903806631591777,99.75250781793632,4008.033747525243
2026-04-08T21:57:52.858576,27.38960923970584,93.7574058378454,675.0017383839541
2026-04-08T21:58:07.858576,43.466290720190095,106.8325665789124,1214.5844596391855
2026-04-08T21:58:22.858576,26.261298391041294,92.04730880162636,3377.9265748778275
2026-04-08T21:58:37.858576,-9.983981022352047,101.60446526218024,1910.713403097652
2026-04-08T21:58:52.858576,1.4273511227043905,96.8950569963248,1126.008305274001
2026-04-08T21:59:07.858576,10.511495831149883,92.80610582401223,1804.2574379119808
2026-04-08T21:59:22.858576,-14.404757233754548,103.77443509029892,4939.359044329533
2026-04-08T21:59:37.858576,12.971525719117608,107.39532958214656,523.3789349432705
2026-04-08T21:59:52.858576,24.16952443186335,90.31073194039222,4224.169505111486
2026-04-08T22:00:07.858576,4.662366801639699,108.05382191035694,1040.5043701609793
2026-04-08T22:00:22.858576,-8.36203791622345,95.3021600831374,3976.0650751067687
2026-04-08T22:00:37.858576,-0.6524907475273523,101.99885554824218,1929.0574068777169
2026-04-08T22:00:52.858576,-14.28177916020675,101.04308662400054,3524.491007933257
2026-04-08T22:01:07.858576,16.425141468979795,107.97831584323772,1891.044231486915
2026-04-08T22:01:22.858576,-14.542788319000053,94.25294425508596,1268.261657936795
2026-04-08T22:01:37.858576,-8.974037116092695,102.23841819103689,2380.9322217994404
2026-04-08T22:01:52.858576,44.81883129496467,105.94121212033345,4335.9861605507895
2026-04-08T22:02:07.858576,-0.3160772103943685,97.12650801663152,568.9038700982736
2026-04-08T22:02:22.858576,-11.133124492399944,91.41781569770372,2724.435531399487
2026-04-08T22:02:37.858576,18.52399115522202,97.79546423917594,2632.116970586468
2026-04-08T22:02:52.858576,47.77568435841562,99.2133048233377,2177.6568142702927
2026-04-08T22:03:07.858576,48.45977494117291,97.52790482742624,4244.495521732508
2026-04-08T22:03:22.858576,-9.27189963604902,92.39829687199727,4019.951166200548
2026-04-08T22:03:37.858576,-3.9333093788917246,105.2328600048451,1868.0524612194747
2026-04-08T22:03:52.858576,9.99960554056139,92.30339133829712,2692.753004145156
2026-04-08T22:04:07.858576,47.689750572022746,91.50037504785608,1626.8156661330152
2026-04-08T22:04:22.858576,27.066606063250845,97.72227534642153,1862.3061757177456
2026-04-08T22:04:37.858576,13.634120781634875,106.84702004904037,1707.2408560135552
2026-04-08T22:04:52.858576,-6.917152327843162,90.16227052531418,3665.523396289357
2026-04-08T22:05:07.858576,29.52555910446325,95.43777902195036,817.0707634799536
2026-04-08T22:05:22.858576,11.076181075034572,90.6376220012426,2379.5848861964173
2026-04-08T22:05:37.858576,32.55110895810669,97.60013767755164,2592.9336742235964
2026-04-08T22:05:52.858576,39.98003962362183,106.26070628411756,4958.089125094937
2026-04-08T22:06:07.858576,47.129302489243386,99.548718508187,3621.937247364467
2026-04-08T22:06:22.858576,42.4600870388007,93.5855958390788,782.9984638374543
2026-04-08T22:06:37.858576,33.494004184684755,107.51187714689652,1771.2083502045125
2026-04-08T22:06:52.858576,21.640037213843076,107.58484755669096,3164.5832093672607
2026-04-08T22:07:07.858576,28.91930686478711,92.45049163791474,4292.7529351082685
2026-04-08T22:07:22.858576,29.38927869363841,92.33637434000266,1134.4418553619578
2026-04-08T22:07:37.858576,28.70643635976413,92.4679177124591,3440.850940858946
2026-04-08T22:07:52.858576,7.202423207620488,94.35934080859477,4416.092704548697
2026-04-08T22:08:07.858576,-4.263831251673331,91.40646849454193,948.2286900391643
2026-04-08T22:08:22.858576,37.13947840370985,99.22624064041828,3854.2955276468656
2026-04-08T22:08:37.858576,44.58706175700949,103.19640366931031,1575.7864506707588
2026-04-08T22:08:52.858576,46.66952950302445,109.76351523112253,3395.963416439524
2026-04-08T22:09:07.858576,34.45112188321694,103.7378940086602,4302.874939474215
2026-04-08T22:09:22.858576,18.462183338391757,94.15909074173408,1914.5544032080177
2026-04-08T22:09:37.858576,2.2594074371392843,96.3312318962066,669.4759349421054
2026-04-08T22:09:52.858576,-8.657971642852964,103.00795710454696,2154.300130108865
2026-04-08T22:10:07.858576,-15.431276566558347,90.65128765063264,4696.661975816577
2026-04-08T22:10:22.858576,-8.575893133502499,96.04618392526388,885.0062167312694
2026-04-08T22:10:37.858576,11.867081919593009,94.69944537736876,4023.67323509884
2026-04-08T22:10:52.858576,46.48868782708887,109.50079065996448,1004.6370320365096
2026-04-08T22:11:07.858576,26.44713734969499,97.92185518235344,3132.9629584248446
2026-04-08T22:11:22.858576,2.3125391215756537,102.527957456907,724.0281229797826
2026-04-08T22:11:37.858576,28.2588683581858,93.94337873162516,1698.8529333410384
2026-04-08T22:11:52.858576,7.782873842175157,104.76999304484414,2297.5871117720308
2026-04-08T22:12:07.858576,19.843104132610836,107.42998472838032,2175.233482031911
2026-04-08T22:12:22.858576,2.286266789441367,101.70038367452702,578.7747888816212
2026-04-08T22:12:37.858576,17.549213232500016,93.1113994052324,785.9311768834779
2026-04-08T22:12:52.858576,26.4700979017355,97.80715622577335,3266.6267579644687
2026-04-08T22:13:07.858576,39.89215688592959,91.3373611003494,1332.0808952951977
2026-04-08T22:13:22.858576,43.1543882353953,94.92244035523905,4023.1566353151775
2026-04-08T22:13:37.858576,8.820858873819624,93.58122766954423,1147.981621941562
2026-04-08T22:13:52.858576,33.84037312586564,107.44910201492618,2501.597625691837
2026-04-08T22:14:07.858576,28.555209133139517,98.78497776217016,2168.751335770651
2026-04-08T22:14:22.858576,11.904796913038036,101.5428484584456,4731.547295726214
2026-04-08T22:14:37.858576,41.40133315746832,107.30384851325726,2508.7464445898213
2026-04-08T22:14:52.858576,45.173221152382055,93.59136266642496,4173.204492307859
2026-04-08T22:15:07.858576,49.87528576936805,90.01827554527499,3671.42760228899
2026-04-08T22:15:22.858576,35.78244907231937,98.60209391072269,3768.74397732768
2026-04-08T22:15:37.858576,44.6371423460794,109.37443402669844,1956.5130115952768
2026-04-08T22:15:52.858576,18.720382199350965,93.893308724881,4508.799271947063
2026-04-08T22:16:07.858576,0.9139432664120228,96.22501412070824,832.3804610662853
2026-04-08T22:16:22.858576,48.0503153098913,96.9962653940986,2527.54640394977
2026-04-08T22:16:37.858576,5.006459027182832,94.2549641727586,1169.9584865503814
2026-04-08T22:16:52.858576,14.865713016227204,105.69526152025055,3815.0186650113824
2026-04-08T22:17:07.858576,12.021458158221826,103.02787662201072,2134.5606578876987
2026-04-08T22:17:22.858576,-3.346335034162518,95.94459345521643,2388.710658869618
2026-04-08T22:17:37.858576,18.327702536891323,94.12762287888788,2767.568835170899
2026-04-08T22:17:52.858576,-4.920729893372375,106.62444001580258,1779.342797179399
2026-04-08T22:18:07.858576,22.42596356930184,90.08594550505488,952.712498760074
2026-04-08T22:18:22.858576,2.574594595076292,93.68619507627427,1776.1682172266208
2026-04-08T22:18:37.858576,16.572553801520804,98.98817565264912,1967.7520937165812
2026-04-08T22:18:52.858576,34.42317020891193,103.0508557660841,1322.861278452943
2026-04-08T22:19:07.858576,-10.33742141988903,95.96644931422608,2691.83729111664
2026-04-08T22:19:22.858576,5.797831879023168,102.56743270029592,4379.135627601272
2026-04-08T22:19:37.858576,42.406391537767966,98.0608039440534,4729.051547686042
2026-04-08T22:19:52.858576,36.53593688422447,107.58436364679258,2120.444271568578
2026-04-08T22:20:07.858576,0.649848079955909,100.1196795104442,4120.545276326102
2026-04-08T22:20:22.858576,29.356524440919408,103.7836148808447,3641.561793031947
2026-04-08T22:20:37.858576,6.274735747031741,101.29042182320455,4984.221717111245
2026-04-08T22:20:52.858576,18.05957621826937,103.3891083803102,1388.2336124983717
2026-04-08T22:21:07.858576,29.645593659127208,97.92640737111223,4614.762569756303
2026-04-08T22:21:22.858576,12.483367408113423,96.785530125932,3487.604906040063
2026-04-08T22:21:37.858576,-7.599186919548323,106.11634505952048,2377.848657046934
2026-04-08T22:21:52.858576,-8.15828047564011,95.02469079666274,2824.339061565905
2026-04-08T22:22:07.858576,5.197537878061755,95.41254812655656,4195.145589321928
2026-04-08T22:22:22.858576,-3.160625230080395,98.72871421432863,965.7076817376574
2026-04-08T22:22:37.858576,18.940979958977643,93.96012050978928,3302.3197571906007
2026-04-08T22:22:52.858576,34.98180241793613,100.7621853075884,2072.070074503217
2026-04-08T22:23:07.858576,34.79042891597776,93.86305275894784,1148.4534075294666
2026-04-08T22:23:22.858576,41.11824965587045,102.75130285155528,4441.085969526415
2026-04-08T22:23:37.858576,6.08200121679614,109.17232438960576,3901.735447039292
2026-04-08T22:23:52.858576,40.43192352711216,101.44120896308438,734.1791961407687
2026-04-08T22:24:07.858576,-5.361323156755312,107.36826467163824,4406.728285455781
2026-04-08T22:24:22.858576,33.62948278569303,105.89261096052503,4255.425751126037
2026-04-08T22:24:37.858576,3.900995465091313,109.41452895800413,2236.987991909546
2026-04-08T22:24:52.858576,13.44363755830136,100.59154865639309,718.2054153206086
2026-04-08T22:25:07.858576,9.478203613337651,108.04872692939996,2554.023023783148
2026-04-08T22:25:22.858576,-18.505789779351492,106.41546142347931,4824.972796147157
2026-04-08T22:25:37.858576,47.81371063756036,90.37499671433176,4831.866174652851
2026-04-08T22:25:52.858576,7.136028833076555,103.63291056473666,1045.3767637829103
2026-04-08T22:26:07.858576,-10.954478875551327,91.73192360499952,3320.861610920076
2026-04-08T22:26:22.858576,28.742692453061537,105.96610307480503,1235.8756196186405
2026-04-08T22:26:37.858576,14.0655587237541,105.72117153045215,3092.4690492846803
2026-04-08T22:26:52.858576,46.172180341827456,96.06675082392788,4691.511027703142
2026-04-08T22:27:07.858576,-4.080114615226302,103.85027725939818,3098.851063326916
2026-04-08T22:27:22.858576,34.23743335013556,102.2152416491919,1210.7902862964634
2026-04-08T22:27:37.858576,-0.5425924575528818,96.224940190578,3975.89531678136
2026-04-08T22:27:52.858576,-11.179363319579313,92.1115322338839,4327.327047894691
2026-04-08T22:28:07.858576,-13.58127478884433,109.7379874204505,2519.267082828457
2026-04-08T22:28:22.858576,32.35096564424917,90.42755209901644,2785.1741144826738
2026-04-08T22:28:37.858576,16.387238410920816,105.76268761021136,4097.075543909705
2026-04-08T22:28:52.858576,-3.965791415015513,96.13340570634846,4663.329633295199
2026-04-08T22:29:07.858576,-8.038443924108542,98.24428948254644,4723.87594669791
2026-04-08T22:29:22.858576,1.346094352652237,98.96543169308896,4253.191464096004
2026-04-08T22:29:37.858576,1.4631529940145214,98.34142636083054,1726.6846956248492
2026-04-08T22:29:52.858576,42.9930849683435,99.44504909763236,4080.705740825143
2026-04-08T22:30:07.858576,0.7283192365138476,93.85318577725678,3006.2133113819477
2026-04-08T22:30:22.858576,48.90516932353711,108.06404837711972,2977.743479648984
2026-04-08T22:30:37.858576,36.16272242152013,103.95504703773638,4763.393308680972
2026-04-08T22:30:52.858576,35.86879920929297,100.31573353802484,683.9661245971665
2026-04-08T22:31:07.858576,42.85664566313447,102.57952810921152,3785.60100903256
2026-04-08T22:31:22.858576,6.931001553497509,93.2670395259539,2895.4747872949047
2026-04-08T22:31:37.858576,32.83370379141428,98.9206848545304,701.8097669653126
2026-04-08T22:31:52.858576,-4.2905624611640985,93.69163022968988,3705.539914278412
2026-04-08T22:32:07.858576,36.34518360383185,108.95027682266438,3149.1590010074274
2026-04-08T22:32:22.858576,-4.317496457343722,93.01593137291565,2103.031080175727
2026-04-08T22:32:37.858576,22.545539858750598,99.91799903018072,4484.629931016415
2026-04-08T22:32:52.858576,-14.9487751635047,104.72472310346294,1049.1415071319009
2026-04-08T22:33:07.858576,-5.947381055804582,102.4561452030066,1120.165582097922
2026-04-08T22:33:22.858576,35.22326924366772,103.13120050980427,1020.7652798804022
2026-04-08T22:33:37.858576,47.12161711782126,91.451845830174,967.7261042391184
2026-04-08T22:33:52.858576,-16.825197150522413,104.95145200623128,4372.302265308972
2026-04-08T22:34:07.858576,-7.386036274950383,93.32881612855324,3615.4182130091726
2026-04-08T22:34:22.858576,15.97375267017368,104.1608785255018,930.535342425715
2026-04-08T22:34:37.858576,19.410807819367584,103.25525689399834,1918.7548351233809
2026-04-08T22:34:52.858576,-18.214165472810457,90.77620859285214,1905.0310725668076
2026-04-08T22:35:07.858576,-11.625493854153897,90.54041177525322,1402.387911563651
2026-04-08T22:35:22.858576,41.50316152596028,92.5993372849738,1737.3517760348063
2026-04-08T22:35:37.858576,46.68883801516221,106.32630759175666,2781.642525612227
2026-04-08T22:35:52.858576,42.49228456796163,109.21126986682246,4057.982682432143
2026-04-08T22:36:07.858576,20.180376165774028,91.93758370286628,4851.447686584837
2026-04-08T22:36:22.858576,44.64337228347805,94.30084376409478,4927.462351196753
2026-04-08T22:36:37.858576,16.248259760047922,96.43539075184252,4932.450468761424
2026-04-08T22:36:52.858576,15.513150616769025,108.8965357369823,2670.837776316929
2026-04-08T22:37:07.858576,4.706829650115981,109.52496021632147,1982.021489177284
2026-04-08T22:37:22.858576,2.45230971014195,101.2256499586373,2112.5414214570937
2026-04-08T22:37:37.858576,16.53247911126016,97.17415276702437,1801.600636224744
2026-04-08T22:37:52.858576,45.83882817279857,97.37726141712707,2398.4949808649358
2026-04-08T22:38:07.858576,3.049052143144518,97.97426392086652,1701.4422352314496
2026-04-08T22:38:22.858576,11.97973577098897,107.30118138364767,4026.9852361033913
2026-04-08T22:38:37.858576,47.999930606821295,100.28224138553723,1290.6308621176674
2026-04-08T22:38:52.858576,-3.966104480368404,92.20045216554472,934.5850378515988
2026-04-08T22:39:07.858576,10.778158791468588,102.52426681652489,2702.1654862327887
2026-04-08T22:39:22.858576,18.13669273283208,100.55755042761476,708.1007776219247
2026-04-08T22:39:37.858576,-14.942319617416423,102.19367499189948,1159.8802289007776
2026-04-08T22:39:52.858576,31.05298485087697,95.1458043037474,1556.5009509459323
2026-04-08T22:40:07.858576,28.31784851848,91.67775218648032,2585.7882837530915
2026-04-08T22:40:22.858576,-3.967036038027249,101.62959598104104,615.130627862243
2026-04-08T22:40:37.858576,19.262481600746284,106.24796706543906,4231.153940557946
2026-04-08T22:40:52.858576,-18.7123344004825,103.74934098713332,3825.7315848128433
2026-04-08T22:41:07.858576,-6.688470845726672,101.82549141932265,4363.206319553798
2026-04-08T22:41:22.858576,-14.995628065609504,109.44948996517704,3794.038076879986
2026-04-08T22:41:37.858576,36.83618381388361,97.42202180581629,1877.60805901924
2026-04-08T22:41:52.858576,5.238480765614188,91.60212699108266,3058.5858663884874
2026-04-08T22:42:07.858576,5.40314942121417,90.59766464685,2281.119574218662
2026-04-08T22:42:22.858576,34.2783059869046,92.67238322225565,1802.0231540522204
2026-04-08T22:42:37.858576,9.702787663910575,92.0190669025005,3449.1350704743845
2026-04-08T22:42:52.858576,24.62008010388675,98.46432835768248,3822.174011324276
2026-04-08T22:43:07.858576,15.974385204587094,106.33989073641196,4026.83905441182
2026-04-08T22:43:22.858576,6.776116843607863,101.26191621838387,4035.99197367847
2026-04-08T22:43:37.858576,-2.129853013526205,103.88500046251588,2467.201882599368
2026-04-08T22:43:52.858576,37.91806819014613,92.30331276648867,1328.034752940569
2026-04-08T22:44:07.858576,2.948053665073843,107.58523315209467,3572.640460714382
2026-04-08T22:44:22.858576,36.28304966896568,103.32712627498664,2567.5273025867964
2026-04-08T22:44:37.858576,-6.051080202635342,90.7850832371184,4561.123624698165
2026-04-08T22:44:52.858576,10.2269977086257,107.81032925475088,4123.74659838817
2026-04-08T22:45:07.858576,-1.3454513436282165,92.4309013118366,4646.366757265702
2026-04-08T22:45:22.858576,12.840892598677293,90.97453807600772,2543.089260128012
2026-04-08T22:45:37.858576,11.56302820624709,93.5940088095422,3207.8352856177626
2026-04-08T22:45:52.858576,-8.432505595213057,97.74833340151534,4177.308872105694
2026-04-08T22:46:07.858576,-16.13944021661196,105.57002216496738,1626.10404595415
2026-04-08T22:46:22.858576,31.08568039888688,108.916839465133,1229.1255143012554
2026-04-08T22:46:37.858576,49.92120388587347,97.45051705308752,4588.715762035495
2026-04-08T22:46:52.858576,35.00171571359658,109.75270767648313,4229.403027468783
2026-04-08T22:47:07.858576,1.6520782064141422,96.77584631845976,1058.6047005667656
2026-04-08T22:47:22.858576,25.15952870530083,103.9095045794566,3958.159204387896
2026-04-08T22:47:37.858576,-2.8247566580069687,104.59344107223816,4299.9177835221
2026-04-08T22:47:52.858576,18.4844329446055,101.69379162965016,2747.6811482441503
2026-04-08T22:48:07.858576,7.386589748588843,101.69345350085656,2166.515844132904
2026-04-08T22:48:22.858576,6.057333636836898,103.460902360878,4800.101567930793
2026-04-08T22:48:37.858576,34.389424743405705,102.83775756458576,1245.2616434514737
2026-04-08T22:48:52.858576,-15.952660914906629,92.64078992615124,1208.4257817518385
2026-04-08T22:49:07.858576,46.52226190992282,98.6183350062856,1083.5187790252
2026-04-08T22:49:22.858576,4.447779049731327,92.78520684578793,3791.563217816248
2026-04-08T22:49:37.858576,-3.025871872425018,107.03470103772736,1765.9484897299026
2026-04-08T22:49:52.858576,-8.83588531087786,98.52865136460365,2014.7281166690505
2026-04-08T22:50:07.858576,-3.92374692636902,90.4171684150046,3620.748701322136
2026-04-08T22:50:22.858576,25.22999276685971,107.71687051719115,531.5472858969711
2026-04-08T22:50:37.858576,13.222264865035244,92.90560938686536,2677.668304242205
2026-04-08T22:50:52.858576,44.06279504114548,91.0959837152728,2445.680025531634
2026-04-08T22:51:07.858576,47.523820474547065,94.82960279203034,2522.419686833186
2026-04-08T22:51:22.858576,-8.489493618631672,96.16320182047632,1474.9964548558014
2026-04-08T22:51:37.858576,17.85081213888519,101.294225354088,4852.2574394588455
2026-04-08T22:51:52.858576,-4.681992839468977,94.54124116948584,638.4593496208532
2026-04-08T22:52:07.858576,26.25346158463079,109.50689744853072,3231.791204166784
2026-04-08T22:52:22.858576,24.051416066790203,91.2253554583806,4293.818251985467
2026-04-08T22:52:37.858576,-15.574757344578137,101.50178713532578,4413.60854214268
2026-04-08T22:52:52.858576,32.595236529159365,98.6626405603974,4131.086231633355
2026-04-08T22:53:07.858576,40.5791621833838,99.64619156216246,1472.4632342692644
2026-04-08T22:53:22.858576,0.7311733932963875,100.23721818982408,3222.1288002600927
2026-04-08T22:53:37.858576,10.373292941091712,93.4687533510906,2290.8394206146754
2026-04-08T22:53:52.858576,5.596550860366637,106.98947571525206,2319.142386859078
2026-04-08T22:54:07.858576,-10.24739275775206,104.12072548284138,3589.1324319256723
2026-04-08T22:54:22.858576,-9.6367443222605,90.35074981213693,4329.02911804735
2026-04-08T22:54:37.858576,-13.204860297642323,108.9345183849218,3281.880227462252
2026-04-08T22:54:52.858576,42.632551149735946,106.63199067029127,1127.4878436424842
2026-04-08T22:55:07.858576,-8.330672686148631,109.51996991807788,1862.4112900456212
2026-04-08T22:55:22.858576,21.85557657732429,97.91089068408913,4890.491259743767
2026-04-08T22:55:37.858576,24.27523809223128,96.03915738399267,2027.9490258131384
2026-04-08T22:55:52.858576,18.213562845531555,100.61055996719476,3906.89520673444
2026-04-08T22:56:07.858576,37.080185149252415,98.4780814397146,4350.345042862724
2026-04-08T22:56:22.858576,-2.989186979097205,95.55046771618926,1902.3301298002616
2026-04-08T22:56:37.858576,28.53184665485716,103.73025951418548,976.6907056470376
2026-04-08T22:56:52.858576,35.32229301672668,109.41104620487168,2536.4147428976885
2026-04-08T22:57:07.858576,25.57825163714901,104.240323592569,2335.3386143896214
2026-04-08T22:57:22.858576,27.55466632266992,96.14161923129478,4604.762880632336
2026-04-08T22:57:37.858576,35.44103551282564,97.28685874191828,1492.1623864143198
2026-04-08T22:57:52.858576,0.238154734250866,90.9177632827723,1724.9204265645128
2026-04-08T22:58:07.858576,28.721923504895763,106.91876104070404,3292.193304306214
2026-04-08T22:58:22.858576,7.104931287393544,102.56746639126044,1788.8878579248812
2026-04-08T22:58:37.858576,34.72572663098927,92.092641183723,2812.765882952858
2026-04-08T22:58:52.858576,41.77976136886349,90.13967928675376,2318.393197435028
2026-04-08T22:59:07.858576,49.21257542921797,101.469646456735,504.7710271050383
2026-04-08T22:59:22.858576,-2.3788254021508664,98.27512856153533,3289.0352472207105
2026-04-08T22:59:37.858576,2.232876449315711,108.4760396500038,4536.120509579474
2026-04-08T22:59:52.858576,10.422159464314962,95.62987853297729,2877.9032206267225
2026-04-08T23:00:07.858576,-18.317707526556298,100.73952152361424,2368.8566360578207
2026-04-08T23:00:22.858576,26.1473271723954,107.82894811296252,4730.179099851952
2026-04-08T23:00:37.858576,1.2740233821448008,94.06087205603986,505.7006172016916
2026-04-08T23:00:52.858576,36.67475823234852,97.66799671472792,1172.492886385908
2026-04-08T23:01:07.858576,24.47839561292232,104.916831960222,2469.5045460737315
2026-04-08T23:01:22.858576,-15.616037816572636,102.51014679969988,2002.227461106508
2026-04-08T23:01:37.858576,21.4863079108044,100.2244074138282,4829.2719235357445
2026-04-08T23:01:52.858576,-14.359393118074468,93.7497481960609,1721.962652039877
2026-04-08T23:02:07.858576,49.904626788325984,108.82854557085196,1333.8837098276128
2026-04-08T23:02:22.858576,32.49768143462037,96.79490711862474,4361.580313495096
2026-04-08T23:02:37.858576,9.191709114068797,106.06289565497023,1954.3188030296803
2026-04-08T23:02:52.858576,48.57724147767264,97.12744796606162,4229.734433973724
2026-04-08T23:03:07.858576,30.935960832862875,92.75424618895984,1789.8463461089575
2026-04-08T23:03:22.858576,11.38612669719754,108.45666228586934,2269.594232355763
2026-04-08T23:03:37.858576,-14.54349142453182,99.53870490162817,1139.8796737199025
2026-04-08T23:03:52.858576,39.523745685370216,94.2983882869154,2848.1441431645385
2026-04-08T23:04:07.858576,-13.883793948941468,93.9747347623118,722.2228926283283
2026-04-08T23:04:22.858576,-3.123898980178481,93.45212435432686,3223.7451123662586
2026-04-08T23:04:37.858576,-19.954614477691106,102.97296697661942,3095.2839227920404
2026-04-08T23:04:52.858576,-4.107961123829602,97.20132077213933,4853.970889580899
2026-04-08T23:05:07.858576,8.082897759427784,94.07038052424018,4709.078055347479
2026-04-08T23:05:22.858576,-19.84178244584687,101.19433216152352,3849.823333796081
2026-04-08T23:05:37.858576,18.14371470010351,108.82258455579692,1398.0525032118085
2026-04-08T23:05:52.858576,47.28510111447301,105.03888141405535,3342.335600192036
2026-04-08T23:06:07.858576,41.37386302837604,109.28152044485851,4334.543908931606
2026-04-08T23:06:22.858576,47.65759457519685,106.75237820104827,4944.511426844624
2026-04-08T23:06:37.858576,-10.71301825784502,102.21829315880434,3735.252110225033
2026-04-08T23:06:52.858576,36.65171965526461,101.17050741993668,707.695952300772
2026-04-08T23:07:07.858576,-3.633043188399871,104.82601460305264,4563.926547560068
2026-04-08T23:07:22.858576,43.39449015526903,104.3250347090172,2714.701641269125
2026-04-08T23:07:37.858576,34.19264654742712,95.89731189156016,2903.164622082277
2026-04-08T23:07:52.858576,39.34228912264533,109.15675745574366,3721.5956528206702
2026-04-08T23:08:07.858576,-16.746604013529275,106.17266196901396,4190.649366809534
2026-04-08T23:08:22.858576,41.17810649822132,105.25992467923516,2580.0589879790555
2026-04-08T23:08:37.858576,7.835559294269711,96.56382692279188,800.2810535221988
2026-04-08T23:08:52.858576,5.003481924824747,98.77041480278515,1376.4806475349135
2026-04-08T23:09:07.858576,42.155554019223,93.06487343021922,504.649346432976
2026-04-08T23:09:22.858576,28.514096925415565,101.19053815558532,863.7233316671449
2026-04-08T23:09:37.858576,15.957023629735907,94.1162042711086,2069.282565076234
2026-04-08T23:09:52.858576,12.092032228279578,105.8819184949978,3320.67634808312
2026-04-08T23:10:07.858576,27.785150229112745,108.93920334366751,4326.957450607981
2026-04-08T23:10:22.858576,12.420321742878883,102.40183919861488,4609.880077277758
2026-04-08T23:10:37.858576,15.9692901368771,102.13781584706632,1765.7339494706805
2026-04-08T23:10:52.858576,31.844466043793425,97.17800114853566,2675.3910891000355
2026-04-08T23:11:07.858576,37.26328205203744,105.26345018059536,536.1055502406942
2026-04-08T23:11:22.858576,27.44138768634052,92.0899530673612,4670.791568649224
2026-04-08T23:11:37.858576,-17.719357399419593,100.0950330411147,3256.9358875431712
2026-04-08T23:11:52.858576,48.49523013583173,92.10676050551722,4949.197736734005
2026-04-08T23:12:07.858576,19.092629218613677,99.82155665266428,2413.835471551086
2026-04-08T23:12:22.858576,15.92598274898171,93.90117182693662,3986.401722554464
2026-04-08T23:12:37.858576,-14.857850616343802,107.62769728956984,653.7783543833808
2026-04-08T23:12:52.858576,-4.747495490510186,103.80950763250128,1646.7246083329612
2026-04-08T23:13:07.858576,24.556284471712125,95.88511010410204,644.7720009371411
2026-04-08T23:13:22.858576,-18.006371504546138,106.78144805630028,4842.92953835869
2026-04-08T23:13:37.858576,0.5669596644849904,98.261587079486,1414.6089670905326
2026-04-08T23:13:52.858576,16.935869409832826,97.30108589891192,729.0810897274703
2026-04-08T23:14:07.858576,1.443132095281225,93.49243812806787,3046.1885043317097
2026-04-08T23:14:22.858576,18.41382095739436,103.54647155924336,918.9469216970982
2026-04-08T23:14:37.858576,11.93223168426258,105.19560576250424,2921.739562481602
2026-04-08T23:14:52.858576,-10.852383794662794,103.06456092851036,4381.259455464107
2026-04-08T23:15:07.858576,-17.487786341520724,90.05096511721347,991.9826584762538
2026-04-08T23:15:22.858576,34.34084554178821,109.95714143672504,3460.8815737518985
2026-04-08T23:15:37.858576,36.997569504202126,94.80198859311857,2322.4185477175315
2026-04-08T23:15:52.858576,28.9892934094348,99.34199760114278,3364.7462155067924
2026-04-08T23:16:07.858576,38.29230563646302,100.60950410865642,1449.0779980614898
2026-04-08T23:16:22.858576,-3.920434036124036,105.1205365096412,4662.077337909248
2026-04-08T23:16:37.858576,-6.546525888263012,95.41383195453388,3152.017620870963
2026-04-08T23:16:52.858576,17.54303399121745,109.94614314438104,4492.764346616474
2026-04-08T23:17:07.858576,-16.49004866023533,95.72689275155844,3004.272285801584
2026-04-08T23:17:22.858576,25.24197789058414,102.69945703892196,1085.6530718692172
2026-04-08T23:17:37.858576,39.57987498466478,91.3295260802322,797.8591213129887
2026-04-08T23:17:52.858576,42.73567195196496,106.21919693836192,538.7153412852354
2026-04-08T23:18:07.858576,25.716303595573407,107.09001247080488,1026.155346279127
2026-04-08T23:18:22.858576,34.079711834040054,105.23190089870847,872.9130500433553
2026-04-08T23:18:37.858576,5.13455567983463,90.83927366859544,1637.6516300012354
2026-04-08T23:18:52.858576,16.77095503647329,107.62469939220608,2821.5515876807985
2026-04-08T23:19:07.858576,-16.21830357385518,106.4186024348646,4664.113570844758
2026-04-08T23:19:22.858576,49.69908177769896,107.4631091051127,3704.19535175003
2026-04-08T23:19:37.858576,27.752353246218878,100.01507681625402,1737.2922271108057
